path,label,label_id,n_frames
Apoyar\seq_0.npy,Apoyar,0,33
Apoyar\seq_1.npy,Apoyar,0,33
Apoyar\seq_10.npy,Apoyar,0,45
Apoyar\seq_11.npy,Apoyar,0,45
Apoyar\seq_12.npy,Apoyar,0,51
Apoyar\seq_13.npy,Apoyar,0,51
Apoyar\seq_14.npy,Apoyar,0,51
Apoyar\seq_15.npy,Apoyar,0,62
Apoyar\seq_16.npy,Apoyar,0,62
Apoyar\seq_17.npy,Apoyar,0,62
Apoyar\seq_18.npy,Apoyar,0,54
Apoyar\seq_19.npy,Apoyar,0,54
Apoyar\seq_2.npy,Apoyar,0,33
Apoyar\seq_20.npy,Apoyar,0,54
Apoyar\seq_21.npy,Apoyar,0,50
Apoyar\seq_22.npy,Apoyar,0,50
Apoyar\seq_23.npy,Apoyar,0,50
Apoyar\seq_24.npy,Apoyar,0,67
Apoyar\seq_25.npy,Apoyar,0,67
Apoyar\seq_26.npy,Apoyar,0,67
Apoyar\seq_27.npy,Apoyar,0,59
Apoyar\seq_28.npy,Apoyar,0,59
Apoyar\seq_29.npy,Apoyar,0,59
Apoyar\seq_3.npy,Apoyar,0,32
Apoyar\seq_30.npy,Apoyar,0,61
Apoyar\seq_31.npy,Apoyar,0,61
Apoyar\seq_32.npy,Apoyar,0,61
Apoyar\seq_33.npy,Apoyar,0,52
Apoyar\seq_34.npy,Apoyar,0,52
Apoyar\seq_35.npy,Apoyar,0,52
Apoyar\seq_36.npy,Apoyar,0,47
Apoyar\seq_37.npy,Apoyar,0,47
Apoyar\seq_38.npy,Apoyar,0,47
Apoyar\seq_39.npy,Apoyar,0,48
Apoyar\seq_4.npy,Apoyar,0,32
Apoyar\seq_40.npy,Apoyar,0,48
Apoyar\seq_41.npy,Apoyar,0,48
Apoyar\seq_42.npy,Apoyar,0,37
Apoyar\seq_43.npy,Apoyar,0,37
Apoyar\seq_44.npy,Apoyar,0,37
Apoyar\seq_45.npy,Apoyar,0,44
Apoyar\seq_46.npy,Apoyar,0,44
Apoyar\seq_47.npy,Apoyar,0,44
Apoyar\seq_48.npy,Apoyar,0,38
Apoyar\seq_49.npy,Apoyar,0,38
Apoyar\seq_5.npy,Apoyar,0,32
Apoyar\seq_50.npy,Apoyar,0,38
Apoyar\seq_51.npy,Apoyar,0,43
Apoyar\seq_52.npy,Apoyar,0,43
Apoyar\seq_53.npy,Apoyar,0,43
Apoyar\seq_54.npy,Apoyar,0,49
Apoyar\seq_55.npy,Apoyar,0,49
Apoyar\seq_56.npy,Apoyar,0,49
Apoyar\seq_57.npy,Apoyar,0,49
Apoyar\seq_58.npy,Apoyar,0,49
Apoyar\seq_59.npy,Apoyar,0,49
Apoyar\seq_6.npy,Apoyar,0,36
Apoyar\seq_60.npy,Apoyar,0,45
Apoyar\seq_61.npy,Apoyar,0,45
Apoyar\seq_62.npy,Apoyar,0,45
Apoyar\seq_63.npy,Apoyar,0,54
Apoyar\seq_64.npy,Apoyar,0,54
Apoyar\seq_65.npy,Apoyar,0,54
Apoyar\seq_66.npy,Apoyar,0,43
Apoyar\seq_67.npy,Apoyar,0,43
Apoyar\seq_68.npy,Apoyar,0,43
Apoyar\seq_69.npy,Apoyar,0,41
Apoyar\seq_7.npy,Apoyar,0,36
Apoyar\seq_70.npy,Apoyar,0,41
Apoyar\seq_71.npy,Apoyar,0,41
Apoyar\seq_72.npy,Apoyar,0,42
Apoyar\seq_73.npy,Apoyar,0,42
Apoyar\seq_74.npy,Apoyar,0,42
Apoyar\seq_75.npy,Apoyar,0,44
Apoyar\seq_76.npy,Apoyar,0,44
Apoyar\seq_77.npy,Apoyar,0,44
Apoyar\seq_8.npy,Apoyar,0,36
Apoyar\seq_9.npy,Apoyar,0,45
Ayudar\seq_0.npy,Ayudar,1,33
Ayudar\seq_1.npy,Ayudar,1,33
Ayudar\seq_10.npy,Ayudar,1,46
Ayudar\seq_11.npy,Ayudar,1,46
Ayudar\seq_12.npy,Ayudar,1,43
Ayudar\seq_13.npy,Ayudar,1,43
Ayudar\seq_14.npy,Ayudar,1,43
Ayudar\seq_15.npy,Ayudar,1,48
Ayudar\seq_16.npy,Ayudar,1,48
Ayudar\seq_17.npy,Ayudar,1,48
Ayudar\seq_18.npy,Ayudar,1,42
Ayudar\seq_19.npy,Ayudar,1,42
Ayudar\seq_2.npy,Ayudar,1,33
Ayudar\seq_20.npy,Ayudar,1,42
Ayudar\seq_21.npy,Ayudar,1,49
Ayudar\seq_22.npy,Ayudar,1,49
Ayudar\seq_23.npy,Ayudar,1,49
Ayudar\seq_24.npy,Ayudar,1,57
Ayudar\seq_25.npy,Ayudar,1,57
Ayudar\seq_26.npy,Ayudar,1,57
Ayudar\seq_27.npy,Ayudar,1,66
Ayudar\seq_28.npy,Ayudar,1,66
Ayudar\seq_29.npy,Ayudar,1,66
Ayudar\seq_3.npy,Ayudar,1,37
Ayudar\seq_30.npy,Ayudar,1,61
Ayudar\seq_31.npy,Ayudar,1,61
Ayudar\seq_32.npy,Ayudar,1,61
Ayudar\seq_33.npy,Ayudar,1,51
Ayudar\seq_34.npy,Ayudar,1,51
Ayudar\seq_35.npy,Ayudar,1,51
Ayudar\seq_36.npy,Ayudar,1,36
Ayudar\seq_37.npy,Ayudar,1,36
Ayudar\seq_38.npy,Ayudar,1,36
Ayudar\seq_39.npy,Ayudar,1,46
Ayudar\seq_4.npy,Ayudar,1,37
Ayudar\seq_40.npy,Ayudar,1,46
Ayudar\seq_41.npy,Ayudar,1,46
Ayudar\seq_42.npy,Ayudar,1,37
Ayudar\seq_43.npy,Ayudar,1,37
Ayudar\seq_44.npy,Ayudar,1,37
Ayudar\seq_45.npy,Ayudar,1,49
Ayudar\seq_46.npy,Ayudar,1,49
Ayudar\seq_47.npy,Ayudar,1,49
Ayudar\seq_48.npy,Ayudar,1,42
Ayudar\seq_49.npy,Ayudar,1,42
Ayudar\seq_5.npy,Ayudar,1,37
Ayudar\seq_50.npy,Ayudar,1,42
Ayudar\seq_51.npy,Ayudar,1,50
Ayudar\seq_52.npy,Ayudar,1,50
Ayudar\seq_53.npy,Ayudar,1,50
Ayudar\seq_54.npy,Ayudar,1,45
Ayudar\seq_55.npy,Ayudar,1,45
Ayudar\seq_56.npy,Ayudar,1,45
Ayudar\seq_57.npy,Ayudar,1,48
Ayudar\seq_58.npy,Ayudar,1,48
Ayudar\seq_59.npy,Ayudar,1,48
Ayudar\seq_6.npy,Ayudar,1,36
Ayudar\seq_60.npy,Ayudar,1,43
Ayudar\seq_61.npy,Ayudar,1,43
Ayudar\seq_62.npy,Ayudar,1,43
Ayudar\seq_63.npy,Ayudar,1,50
Ayudar\seq_64.npy,Ayudar,1,50
Ayudar\seq_65.npy,Ayudar,1,50
Ayudar\seq_66.npy,Ayudar,1,50
Ayudar\seq_67.npy,Ayudar,1,50
Ayudar\seq_68.npy,Ayudar,1,50
Ayudar\seq_69.npy,Ayudar,1,52
Ayudar\seq_7.npy,Ayudar,1,36
Ayudar\seq_70.npy,Ayudar,1,52
Ayudar\seq_71.npy,Ayudar,1,52
Ayudar\seq_72.npy,Ayudar,1,41
Ayudar\seq_73.npy,Ayudar,1,41
Ayudar\seq_74.npy,Ayudar,1,41
Ayudar\seq_75.npy,Ayudar,1,51
Ayudar\seq_76.npy,Ayudar,1,51
Ayudar\seq_77.npy,Ayudar,1,51
Ayudar\seq_78.npy,Ayudar,1,42
Ayudar\seq_79.npy,Ayudar,1,42
Ayudar\seq_8.npy,Ayudar,1,36
Ayudar\seq_80.npy,Ayudar,1,42
Ayudar\seq_9.npy,Ayudar,1,46
Baño\seq_0.npy,Baño,2,35
Baño\seq_1.npy,Baño,2,35
Baño\seq_10.npy,Baño,2,74
Baño\seq_11.npy,Baño,2,74
Baño\seq_12.npy,Baño,2,54
Baño\seq_13.npy,Baño,2,54
Baño\seq_14.npy,Baño,2,54
Baño\seq_15.npy,Baño,2,49
Baño\seq_16.npy,Baño,2,49
Baño\seq_17.npy,Baño,2,49
Baño\seq_18.npy,Baño,2,65
Baño\seq_19.npy,Baño,2,65
Baño\seq_2.npy,Baño,2,35
Baño\seq_20.npy,Baño,2,65
Baño\seq_21.npy,Baño,2,53
Baño\seq_22.npy,Baño,2,53
Baño\seq_23.npy,Baño,2,53
Baño\seq_24.npy,Baño,2,54
Baño\seq_25.npy,Baño,2,54
Baño\seq_26.npy,Baño,2,54
Baño\seq_27.npy,Baño,2,38
Baño\seq_28.npy,Baño,2,38
Baño\seq_29.npy,Baño,2,38
Baño\seq_3.npy,Baño,2,32
Baño\seq_30.npy,Baño,2,56
Baño\seq_31.npy,Baño,2,56
Baño\seq_32.npy,Baño,2,56
Baño\seq_33.npy,Baño,2,62
Baño\seq_34.npy,Baño,2,62
Baño\seq_35.npy,Baño,2,62
Baño\seq_36.npy,Baño,2,58
Baño\seq_37.npy,Baño,2,58
Baño\seq_38.npy,Baño,2,58
Baño\seq_39.npy,Baño,2,42
Baño\seq_4.npy,Baño,2,32
Baño\seq_40.npy,Baño,2,42
Baño\seq_41.npy,Baño,2,42
Baño\seq_42.npy,Baño,2,68
Baño\seq_43.npy,Baño,2,68
Baño\seq_44.npy,Baño,2,68
Baño\seq_45.npy,Baño,2,54
Baño\seq_46.npy,Baño,2,54
Baño\seq_47.npy,Baño,2,54
Baño\seq_48.npy,Baño,2,42
Baño\seq_49.npy,Baño,2,42
Baño\seq_5.npy,Baño,2,32
Baño\seq_50.npy,Baño,2,42
Baño\seq_51.npy,Baño,2,51
Baño\seq_52.npy,Baño,2,51
Baño\seq_53.npy,Baño,2,51
Baño\seq_54.npy,Baño,2,54
Baño\seq_55.npy,Baño,2,54
Baño\seq_56.npy,Baño,2,54
Baño\seq_57.npy,Baño,2,52
Baño\seq_58.npy,Baño,2,52
Baño\seq_59.npy,Baño,2,52
Baño\seq_6.npy,Baño,2,34
Baño\seq_60.npy,Baño,2,58
Baño\seq_61.npy,Baño,2,58
Baño\seq_62.npy,Baño,2,58
Baño\seq_63.npy,Baño,2,34
Baño\seq_64.npy,Baño,2,34
Baño\seq_65.npy,Baño,2,34
Baño\seq_66.npy,Baño,2,49
Baño\seq_67.npy,Baño,2,49
Baño\seq_68.npy,Baño,2,49
Baño\seq_69.npy,Baño,2,49
Baño\seq_7.npy,Baño,2,34
Baño\seq_70.npy,Baño,2,49
Baño\seq_71.npy,Baño,2,49
Baño\seq_72.npy,Baño,2,51
Baño\seq_73.npy,Baño,2,51
Baño\seq_74.npy,Baño,2,51
Baño\seq_75.npy,Baño,2,45
Baño\seq_76.npy,Baño,2,45
Baño\seq_77.npy,Baño,2,45
Baño\seq_8.npy,Baño,2,34
Baño\seq_9.npy,Baño,2,74
Bien\seq_0.npy,Bien,3,27
Bien\seq_1.npy,Bien,3,27
Bien\seq_10.npy,Bien,3,44
Bien\seq_11.npy,Bien,3,44
Bien\seq_12.npy,Bien,3,40
Bien\seq_13.npy,Bien,3,40
Bien\seq_14.npy,Bien,3,40
Bien\seq_15.npy,Bien,3,40
Bien\seq_16.npy,Bien,3,40
Bien\seq_17.npy,Bien,3,40
Bien\seq_18.npy,Bien,3,40
Bien\seq_19.npy,Bien,3,40
Bien\seq_2.npy,Bien,3,27
Bien\seq_20.npy,Bien,3,40
Bien\seq_21.npy,Bien,3,58
Bien\seq_22.npy,Bien,3,58
Bien\seq_23.npy,Bien,3,58
Bien\seq_24.npy,Bien,3,42
Bien\seq_25.npy,Bien,3,42
Bien\seq_26.npy,Bien,3,42
Bien\seq_27.npy,Bien,3,42
Bien\seq_28.npy,Bien,3,42
Bien\seq_29.npy,Bien,3,42
Bien\seq_3.npy,Bien,3,27
Bien\seq_30.npy,Bien,3,38
Bien\seq_31.npy,Bien,3,38
Bien\seq_32.npy,Bien,3,38
Bien\seq_33.npy,Bien,3,51
Bien\seq_34.npy,Bien,3,51
Bien\seq_35.npy,Bien,3,51
Bien\seq_36.npy,Bien,3,60
Bien\seq_37.npy,Bien,3,60
Bien\seq_38.npy,Bien,3,60
Bien\seq_39.npy,Bien,3,32
Bien\seq_4.npy,Bien,3,27
Bien\seq_40.npy,Bien,3,32
Bien\seq_41.npy,Bien,3,32
Bien\seq_42.npy,Bien,3,39
Bien\seq_43.npy,Bien,3,39
Bien\seq_44.npy,Bien,3,39
Bien\seq_45.npy,Bien,3,29
Bien\seq_46.npy,Bien,3,29
Bien\seq_47.npy,Bien,3,29
Bien\seq_48.npy,Bien,3,27
Bien\seq_49.npy,Bien,3,27
Bien\seq_5.npy,Bien,3,27
Bien\seq_50.npy,Bien,3,27
Bien\seq_51.npy,Bien,3,31
Bien\seq_52.npy,Bien,3,31
Bien\seq_53.npy,Bien,3,31
Bien\seq_54.npy,Bien,3,47
Bien\seq_55.npy,Bien,3,47
Bien\seq_56.npy,Bien,3,47
Bien\seq_57.npy,Bien,3,45
Bien\seq_58.npy,Bien,3,45
Bien\seq_59.npy,Bien,3,45
Bien\seq_6.npy,Bien,3,28
Bien\seq_60.npy,Bien,3,45
Bien\seq_61.npy,Bien,3,45
Bien\seq_62.npy,Bien,3,45
Bien\seq_63.npy,Bien,3,33
Bien\seq_64.npy,Bien,3,33
Bien\seq_65.npy,Bien,3,33
Bien\seq_66.npy,Bien,3,33
Bien\seq_67.npy,Bien,3,33
Bien\seq_68.npy,Bien,3,33
Bien\seq_69.npy,Bien,3,39
Bien\seq_7.npy,Bien,3,28
Bien\seq_70.npy,Bien,3,39
Bien\seq_71.npy,Bien,3,39
Bien\seq_72.npy,Bien,3,46
Bien\seq_73.npy,Bien,3,46
Bien\seq_74.npy,Bien,3,46
Bien\seq_75.npy,Bien,3,39
Bien\seq_76.npy,Bien,3,39
Bien\seq_77.npy,Bien,3,39
Bien\seq_78.npy,Bien,3,33
Bien\seq_79.npy,Bien,3,33
Bien\seq_8.npy,Bien,3,28
Bien\seq_80.npy,Bien,3,33
Bien\seq_9.npy,Bien,3,44
Bienvenido\seq_0.npy,Bienvenido,4,40
Bienvenido\seq_1.npy,Bienvenido,4,40
Bienvenido\seq_10.npy,Bienvenido,4,55
Bienvenido\seq_11.npy,Bienvenido,4,55
Bienvenido\seq_12.npy,Bienvenido,4,47
Bienvenido\seq_13.npy,Bienvenido,4,47
Bienvenido\seq_14.npy,Bienvenido,4,47
Bienvenido\seq_15.npy,Bienvenido,4,45
Bienvenido\seq_16.npy,Bienvenido,4,45
Bienvenido\seq_17.npy,Bienvenido,4,45
Bienvenido\seq_18.npy,Bienvenido,4,45
Bienvenido\seq_19.npy,Bienvenido,4,45
Bienvenido\seq_2.npy,Bienvenido,4,40
Bienvenido\seq_20.npy,Bienvenido,4,45
Bienvenido\seq_21.npy,Bienvenido,4,42
Bienvenido\seq_22.npy,Bienvenido,4,42
Bienvenido\seq_23.npy,Bienvenido,4,42
Bienvenido\seq_24.npy,Bienvenido,4,44
Bienvenido\seq_25.npy,Bienvenido,4,44
Bienvenido\seq_26.npy,Bienvenido,4,44
Bienvenido\seq_27.npy,Bienvenido,4,46
Bienvenido\seq_28.npy,Bienvenido,4,46
Bienvenido\seq_29.npy,Bienvenido,4,46
Bienvenido\seq_3.npy,Bienvenido,4,38
Bienvenido\seq_30.npy,Bienvenido,4,64
Bienvenido\seq_31.npy,Bienvenido,4,64
Bienvenido\seq_32.npy,Bienvenido,4,64
Bienvenido\seq_33.npy,Bienvenido,4,51
Bienvenido\seq_34.npy,Bienvenido,4,51
Bienvenido\seq_35.npy,Bienvenido,4,51
Bienvenido\seq_36.npy,Bienvenido,4,46
Bienvenido\seq_37.npy,Bienvenido,4,46
Bienvenido\seq_38.npy,Bienvenido,4,46
Bienvenido\seq_39.npy,Bienvenido,4,51
Bienvenido\seq_4.npy,Bienvenido,4,38
Bienvenido\seq_40.npy,Bienvenido,4,51
Bienvenido\seq_41.npy,Bienvenido,4,51
Bienvenido\seq_42.npy,Bienvenido,4,42
Bienvenido\seq_43.npy,Bienvenido,4,42
Bienvenido\seq_44.npy,Bienvenido,4,42
Bienvenido\seq_45.npy,Bienvenido,4,37
Bienvenido\seq_46.npy,Bienvenido,4,37
Bienvenido\seq_47.npy,Bienvenido,4,37
Bienvenido\seq_48.npy,Bienvenido,4,63
Bienvenido\seq_49.npy,Bienvenido,4,63
Bienvenido\seq_5.npy,Bienvenido,4,38
Bienvenido\seq_50.npy,Bienvenido,4,63
Bienvenido\seq_51.npy,Bienvenido,4,45
Bienvenido\seq_52.npy,Bienvenido,4,45
Bienvenido\seq_53.npy,Bienvenido,4,45
Bienvenido\seq_54.npy,Bienvenido,4,41
Bienvenido\seq_55.npy,Bienvenido,4,41
Bienvenido\seq_56.npy,Bienvenido,4,41
Bienvenido\seq_57.npy,Bienvenido,4,44
Bienvenido\seq_58.npy,Bienvenido,4,44
Bienvenido\seq_59.npy,Bienvenido,4,44
Bienvenido\seq_6.npy,Bienvenido,4,39
Bienvenido\seq_60.npy,Bienvenido,4,40
Bienvenido\seq_61.npy,Bienvenido,4,40
Bienvenido\seq_62.npy,Bienvenido,4,40
Bienvenido\seq_63.npy,Bienvenido,4,40
Bienvenido\seq_64.npy,Bienvenido,4,40
Bienvenido\seq_65.npy,Bienvenido,4,40
Bienvenido\seq_66.npy,Bienvenido,4,52
Bienvenido\seq_67.npy,Bienvenido,4,52
Bienvenido\seq_68.npy,Bienvenido,4,52
Bienvenido\seq_69.npy,Bienvenido,4,47
Bienvenido\seq_7.npy,Bienvenido,4,39
Bienvenido\seq_70.npy,Bienvenido,4,47
Bienvenido\seq_71.npy,Bienvenido,4,47
Bienvenido\seq_72.npy,Bienvenido,4,41
Bienvenido\seq_73.npy,Bienvenido,4,41
Bienvenido\seq_74.npy,Bienvenido,4,41
Bienvenido\seq_75.npy,Bienvenido,4,42
Bienvenido\seq_76.npy,Bienvenido,4,42
Bienvenido\seq_77.npy,Bienvenido,4,42
Bienvenido\seq_78.npy,Bienvenido,4,49
Bienvenido\seq_79.npy,Bienvenido,4,49
Bienvenido\seq_8.npy,Bienvenido,4,39
Bienvenido\seq_80.npy,Bienvenido,4,49
Bienvenido\seq_81.npy,Bienvenido,4,55
Bienvenido\seq_82.npy,Bienvenido,4,55
Bienvenido\seq_83.npy,Bienvenido,4,55
Bienvenido\seq_9.npy,Bienvenido,4,55
Buenas Noches\seq_0.npy,Buenas Noches,5,45
Buenas Noches\seq_1.npy,Buenas Noches,5,45
Buenas Noches\seq_10.npy,Buenas Noches,5,60
Buenas Noches\seq_11.npy,Buenas Noches,5,60
Buenas Noches\seq_12.npy,Buenas Noches,5,66
Buenas Noches\seq_13.npy,Buenas Noches,5,66
Buenas Noches\seq_14.npy,Buenas Noches,5,66
Buenas Noches\seq_15.npy,Buenas Noches,5,64
Buenas Noches\seq_16.npy,Buenas Noches,5,64
Buenas Noches\seq_17.npy,Buenas Noches,5,64
Buenas Noches\seq_18.npy,Buenas Noches,5,57
Buenas Noches\seq_19.npy,Buenas Noches,5,57
Buenas Noches\seq_2.npy,Buenas Noches,5,45
Buenas Noches\seq_20.npy,Buenas Noches,5,57
Buenas Noches\seq_21.npy,Buenas Noches,5,68
Buenas Noches\seq_22.npy,Buenas Noches,5,68
Buenas Noches\seq_23.npy,Buenas Noches,5,68
Buenas Noches\seq_24.npy,Buenas Noches,5,52
Buenas Noches\seq_25.npy,Buenas Noches,5,52
Buenas Noches\seq_26.npy,Buenas Noches,5,52
Buenas Noches\seq_27.npy,Buenas Noches,5,62
Buenas Noches\seq_28.npy,Buenas Noches,5,62
Buenas Noches\seq_29.npy,Buenas Noches,5,62
Buenas Noches\seq_3.npy,Buenas Noches,5,39
Buenas Noches\seq_30.npy,Buenas Noches,5,66
Buenas Noches\seq_31.npy,Buenas Noches,5,66
Buenas Noches\seq_32.npy,Buenas Noches,5,66
Buenas Noches\seq_33.npy,Buenas Noches,5,67
Buenas Noches\seq_34.npy,Buenas Noches,5,67
Buenas Noches\seq_35.npy,Buenas Noches,5,67
Buenas Noches\seq_36.npy,Buenas Noches,5,72
Buenas Noches\seq_37.npy,Buenas Noches,5,72
Buenas Noches\seq_38.npy,Buenas Noches,5,72
Buenas Noches\seq_39.npy,Buenas Noches,5,83
Buenas Noches\seq_4.npy,Buenas Noches,5,39
Buenas Noches\seq_40.npy,Buenas Noches,5,83
Buenas Noches\seq_41.npy,Buenas Noches,5,83
Buenas Noches\seq_42.npy,Buenas Noches,5,75
Buenas Noches\seq_43.npy,Buenas Noches,5,75
Buenas Noches\seq_44.npy,Buenas Noches,5,75
Buenas Noches\seq_45.npy,Buenas Noches,5,50
Buenas Noches\seq_46.npy,Buenas Noches,5,50
Buenas Noches\seq_47.npy,Buenas Noches,5,50
Buenas Noches\seq_48.npy,Buenas Noches,5,50
Buenas Noches\seq_49.npy,Buenas Noches,5,50
Buenas Noches\seq_5.npy,Buenas Noches,5,39
Buenas Noches\seq_50.npy,Buenas Noches,5,50
Buenas Noches\seq_51.npy,Buenas Noches,5,57
Buenas Noches\seq_52.npy,Buenas Noches,5,57
Buenas Noches\seq_53.npy,Buenas Noches,5,57
Buenas Noches\seq_54.npy,Buenas Noches,5,78
Buenas Noches\seq_55.npy,Buenas Noches,5,78
Buenas Noches\seq_56.npy,Buenas Noches,5,78
Buenas Noches\seq_57.npy,Buenas Noches,5,65
Buenas Noches\seq_58.npy,Buenas Noches,5,65
Buenas Noches\seq_59.npy,Buenas Noches,5,65
Buenas Noches\seq_6.npy,Buenas Noches,5,38
Buenas Noches\seq_60.npy,Buenas Noches,5,69
Buenas Noches\seq_61.npy,Buenas Noches,5,69
Buenas Noches\seq_62.npy,Buenas Noches,5,69
Buenas Noches\seq_63.npy,Buenas Noches,5,53
Buenas Noches\seq_64.npy,Buenas Noches,5,53
Buenas Noches\seq_65.npy,Buenas Noches,5,53
Buenas Noches\seq_66.npy,Buenas Noches,5,63
Buenas Noches\seq_67.npy,Buenas Noches,5,63
Buenas Noches\seq_68.npy,Buenas Noches,5,63
Buenas Noches\seq_69.npy,Buenas Noches,5,64
Buenas Noches\seq_7.npy,Buenas Noches,5,38
Buenas Noches\seq_70.npy,Buenas Noches,5,64
Buenas Noches\seq_71.npy,Buenas Noches,5,64
Buenas Noches\seq_72.npy,Buenas Noches,5,77
Buenas Noches\seq_73.npy,Buenas Noches,5,77
Buenas Noches\seq_74.npy,Buenas Noches,5,77
Buenas Noches\seq_75.npy,Buenas Noches,5,59
Buenas Noches\seq_76.npy,Buenas Noches,5,59
Buenas Noches\seq_77.npy,Buenas Noches,5,59
Buenas Noches\seq_78.npy,Buenas Noches,5,62
Buenas Noches\seq_79.npy,Buenas Noches,5,62
Buenas Noches\seq_8.npy,Buenas Noches,5,38
Buenas Noches\seq_80.npy,Buenas Noches,5,62
Buenas Noches\seq_81.npy,Buenas Noches,5,57
Buenas Noches\seq_82.npy,Buenas Noches,5,57
Buenas Noches\seq_83.npy,Buenas Noches,5,57
Buenas Noches\seq_84.npy,Buenas Noches,5,55
Buenas Noches\seq_85.npy,Buenas Noches,5,55
Buenas Noches\seq_86.npy,Buenas Noches,5,55
Buenas Noches\seq_87.npy,Buenas Noches,5,51
Buenas Noches\seq_88.npy,Buenas Noches,5,51
Buenas Noches\seq_89.npy,Buenas Noches,5,51
Buenas Noches\seq_9.npy,Buenas Noches,5,60
Buenas tardes\seq_0.npy,Buenas tardes,6,46
Buenas tardes\seq_1.npy,Buenas tardes,6,46
Buenas tardes\seq_10.npy,Buenas tardes,6,85
Buenas tardes\seq_11.npy,Buenas tardes,6,85
Buenas tardes\seq_12.npy,Buenas tardes,6,65
Buenas tardes\seq_13.npy,Buenas tardes,6,65
Buenas tardes\seq_14.npy,Buenas tardes,6,65
Buenas tardes\seq_15.npy,Buenas tardes,6,52
Buenas tardes\seq_16.npy,Buenas tardes,6,52
Buenas tardes\seq_17.npy,Buenas tardes,6,52
Buenas tardes\seq_18.npy,Buenas tardes,6,58
Buenas tardes\seq_19.npy,Buenas tardes,6,58
Buenas tardes\seq_2.npy,Buenas tardes,6,46
Buenas tardes\seq_20.npy,Buenas tardes,6,58
Buenas tardes\seq_21.npy,Buenas tardes,6,70
Buenas tardes\seq_22.npy,Buenas tardes,6,70
Buenas tardes\seq_23.npy,Buenas tardes,6,70
Buenas tardes\seq_24.npy,Buenas tardes,6,65
Buenas tardes\seq_25.npy,Buenas tardes,6,65
Buenas tardes\seq_26.npy,Buenas tardes,6,65
Buenas tardes\seq_27.npy,Buenas tardes,6,67
Buenas tardes\seq_28.npy,Buenas tardes,6,67
Buenas tardes\seq_29.npy,Buenas tardes,6,67
Buenas tardes\seq_3.npy,Buenas tardes,6,41
Buenas tardes\seq_30.npy,Buenas tardes,6,79
Buenas tardes\seq_31.npy,Buenas tardes,6,79
Buenas tardes\seq_32.npy,Buenas tardes,6,79
Buenas tardes\seq_33.npy,Buenas tardes,6,94
Buenas tardes\seq_34.npy,Buenas tardes,6,94
Buenas tardes\seq_35.npy,Buenas tardes,6,94
Buenas tardes\seq_36.npy,Buenas tardes,6,85
Buenas tardes\seq_37.npy,Buenas tardes,6,85
Buenas tardes\seq_38.npy,Buenas tardes,6,85
Buenas tardes\seq_39.npy,Buenas tardes,6,71
Buenas tardes\seq_4.npy,Buenas tardes,6,41
Buenas tardes\seq_40.npy,Buenas tardes,6,71
Buenas tardes\seq_41.npy,Buenas tardes,6,71
Buenas tardes\seq_42.npy,Buenas tardes,6,83
Buenas tardes\seq_43.npy,Buenas tardes,6,83
Buenas tardes\seq_44.npy,Buenas tardes,6,83
Buenas tardes\seq_45.npy,Buenas tardes,6,52
Buenas tardes\seq_46.npy,Buenas tardes,6,52
Buenas tardes\seq_47.npy,Buenas tardes,6,52
Buenas tardes\seq_48.npy,Buenas tardes,6,61
Buenas tardes\seq_49.npy,Buenas tardes,6,61
Buenas tardes\seq_5.npy,Buenas tardes,6,41
Buenas tardes\seq_50.npy,Buenas tardes,6,61
Buenas tardes\seq_51.npy,Buenas tardes,6,62
Buenas tardes\seq_52.npy,Buenas tardes,6,62
Buenas tardes\seq_53.npy,Buenas tardes,6,62
Buenas tardes\seq_54.npy,Buenas tardes,6,79
Buenas tardes\seq_55.npy,Buenas tardes,6,79
Buenas tardes\seq_56.npy,Buenas tardes,6,79
Buenas tardes\seq_57.npy,Buenas tardes,6,65
Buenas tardes\seq_58.npy,Buenas tardes,6,65
Buenas tardes\seq_59.npy,Buenas tardes,6,65
Buenas tardes\seq_6.npy,Buenas tardes,6,40
Buenas tardes\seq_60.npy,Buenas tardes,6,56
Buenas tardes\seq_61.npy,Buenas tardes,6,56
Buenas tardes\seq_62.npy,Buenas tardes,6,56
Buenas tardes\seq_63.npy,Buenas tardes,6,57
Buenas tardes\seq_64.npy,Buenas tardes,6,57
Buenas tardes\seq_65.npy,Buenas tardes,6,57
Buenas tardes\seq_66.npy,Buenas tardes,6,70
Buenas tardes\seq_67.npy,Buenas tardes,6,70
Buenas tardes\seq_68.npy,Buenas tardes,6,70
Buenas tardes\seq_69.npy,Buenas tardes,6,61
Buenas tardes\seq_7.npy,Buenas tardes,6,40
Buenas tardes\seq_70.npy,Buenas tardes,6,61
Buenas tardes\seq_71.npy,Buenas tardes,6,61
Buenas tardes\seq_72.npy,Buenas tardes,6,56
Buenas tardes\seq_73.npy,Buenas tardes,6,56
Buenas tardes\seq_74.npy,Buenas tardes,6,56
Buenas tardes\seq_75.npy,Buenas tardes,6,47
Buenas tardes\seq_76.npy,Buenas tardes,6,47
Buenas tardes\seq_77.npy,Buenas tardes,6,47
Buenas tardes\seq_78.npy,Buenas tardes,6,45
Buenas tardes\seq_79.npy,Buenas tardes,6,45
Buenas tardes\seq_8.npy,Buenas tardes,6,40
Buenas tardes\seq_80.npy,Buenas tardes,6,45
Buenas tardes\seq_81.npy,Buenas tardes,6,56
Buenas tardes\seq_82.npy,Buenas tardes,6,56
Buenas tardes\seq_83.npy,Buenas tardes,6,56
Buenas tardes\seq_9.npy,Buenas tardes,6,85
Buenos dias\seq_0.npy,Buenos dias,7,43
Buenos dias\seq_1.npy,Buenos dias,7,43
Buenos dias\seq_10.npy,Buenos dias,7,60
Buenos dias\seq_11.npy,Buenos dias,7,60
Buenos dias\seq_12.npy,Buenos dias,7,60
Buenos dias\seq_13.npy,Buenos dias,7,60
Buenos dias\seq_14.npy,Buenos dias,7,60
Buenos dias\seq_15.npy,Buenos dias,7,50
Buenos dias\seq_16.npy,Buenos dias,7,50
Buenos dias\seq_17.npy,Buenos dias,7,50
Buenos dias\seq_18.npy,Buenos dias,7,68
Buenos dias\seq_19.npy,Buenos dias,7,68
Buenos dias\seq_2.npy,Buenos dias,7,43
Buenos dias\seq_20.npy,Buenos dias,7,68
Buenos dias\seq_21.npy,Buenos dias,7,88
Buenos dias\seq_22.npy,Buenos dias,7,88
Buenos dias\seq_23.npy,Buenos dias,7,88
Buenos dias\seq_24.npy,Buenos dias,7,58
Buenos dias\seq_25.npy,Buenos dias,7,58
Buenos dias\seq_26.npy,Buenos dias,7,58
Buenos dias\seq_27.npy,Buenos dias,7,60
Buenos dias\seq_28.npy,Buenos dias,7,60
Buenos dias\seq_29.npy,Buenos dias,7,60
Buenos dias\seq_3.npy,Buenos dias,7,43
Buenos dias\seq_30.npy,Buenos dias,7,65
Buenos dias\seq_31.npy,Buenos dias,7,65
Buenos dias\seq_32.npy,Buenos dias,7,65
Buenos dias\seq_33.npy,Buenos dias,7,70
Buenos dias\seq_34.npy,Buenos dias,7,70
Buenos dias\seq_35.npy,Buenos dias,7,70
Buenos dias\seq_36.npy,Buenos dias,7,58
Buenos dias\seq_37.npy,Buenos dias,7,58
Buenos dias\seq_38.npy,Buenos dias,7,58
Buenos dias\seq_39.npy,Buenos dias,7,49
Buenos dias\seq_4.npy,Buenos dias,7,43
Buenos dias\seq_40.npy,Buenos dias,7,49
Buenos dias\seq_41.npy,Buenos dias,7,49
Buenos dias\seq_42.npy,Buenos dias,7,49
Buenos dias\seq_43.npy,Buenos dias,7,49
Buenos dias\seq_44.npy,Buenos dias,7,49
Buenos dias\seq_45.npy,Buenos dias,7,60
Buenos dias\seq_46.npy,Buenos dias,7,60
Buenos dias\seq_47.npy,Buenos dias,7,60
Buenos dias\seq_48.npy,Buenos dias,7,55
Buenos dias\seq_49.npy,Buenos dias,7,55
Buenos dias\seq_5.npy,Buenos dias,7,43
Buenos dias\seq_50.npy,Buenos dias,7,55
Buenos dias\seq_51.npy,Buenos dias,7,46
Buenos dias\seq_52.npy,Buenos dias,7,46
Buenos dias\seq_53.npy,Buenos dias,7,46
Buenos dias\seq_54.npy,Buenos dias,7,71
Buenos dias\seq_55.npy,Buenos dias,7,71
Buenos dias\seq_56.npy,Buenos dias,7,71
Buenos dias\seq_57.npy,Buenos dias,7,70
Buenos dias\seq_58.npy,Buenos dias,7,70
Buenos dias\seq_59.npy,Buenos dias,7,70
Buenos dias\seq_6.npy,Buenos dias,7,39
Buenos dias\seq_60.npy,Buenos dias,7,60
Buenos dias\seq_61.npy,Buenos dias,7,60
Buenos dias\seq_62.npy,Buenos dias,7,60
Buenos dias\seq_63.npy,Buenos dias,7,68
Buenos dias\seq_64.npy,Buenos dias,7,68
Buenos dias\seq_65.npy,Buenos dias,7,68
Buenos dias\seq_66.npy,Buenos dias,7,66
Buenos dias\seq_67.npy,Buenos dias,7,66
Buenos dias\seq_68.npy,Buenos dias,7,66
Buenos dias\seq_69.npy,Buenos dias,7,55
Buenos dias\seq_7.npy,Buenos dias,7,39
Buenos dias\seq_70.npy,Buenos dias,7,55
Buenos dias\seq_71.npy,Buenos dias,7,55
Buenos dias\seq_72.npy,Buenos dias,7,57
Buenos dias\seq_73.npy,Buenos dias,7,57
Buenos dias\seq_74.npy,Buenos dias,7,57
Buenos dias\seq_75.npy,Buenos dias,7,50
Buenos dias\seq_76.npy,Buenos dias,7,50
Buenos dias\seq_77.npy,Buenos dias,7,50
Buenos dias\seq_78.npy,Buenos dias,7,55
Buenos dias\seq_79.npy,Buenos dias,7,55
Buenos dias\seq_8.npy,Buenos dias,7,39
Buenos dias\seq_80.npy,Buenos dias,7,55
Buenos dias\seq_9.npy,Buenos dias,7,60
Chao\seq_0.npy,Chao,8,34
Chao\seq_1.npy,Chao,8,34
Chao\seq_10.npy,Chao,8,35
Chao\seq_11.npy,Chao,8,35
Chao\seq_12.npy,Chao,8,30
Chao\seq_13.npy,Chao,8,30
Chao\seq_14.npy,Chao,8,30
Chao\seq_15.npy,Chao,8,40
Chao\seq_16.npy,Chao,8,40
Chao\seq_17.npy,Chao,8,40
Chao\seq_18.npy,Chao,8,39
Chao\seq_19.npy,Chao,8,39
Chao\seq_2.npy,Chao,8,34
Chao\seq_20.npy,Chao,8,39
Chao\seq_21.npy,Chao,8,48
Chao\seq_22.npy,Chao,8,48
Chao\seq_23.npy,Chao,8,48
Chao\seq_24.npy,Chao,8,58
Chao\seq_25.npy,Chao,8,58
Chao\seq_26.npy,Chao,8,58
Chao\seq_27.npy,Chao,8,44
Chao\seq_28.npy,Chao,8,44
Chao\seq_29.npy,Chao,8,44
Chao\seq_3.npy,Chao,8,20
Chao\seq_30.npy,Chao,8,57
Chao\seq_31.npy,Chao,8,57
Chao\seq_32.npy,Chao,8,57
Chao\seq_33.npy,Chao,8,38
Chao\seq_34.npy,Chao,8,38
Chao\seq_35.npy,Chao,8,38
Chao\seq_36.npy,Chao,8,40
Chao\seq_37.npy,Chao,8,40
Chao\seq_38.npy,Chao,8,40
Chao\seq_39.npy,Chao,8,49
Chao\seq_4.npy,Chao,8,20
Chao\seq_40.npy,Chao,8,49
Chao\seq_41.npy,Chao,8,49
Chao\seq_42.npy,Chao,8,45
Chao\seq_43.npy,Chao,8,45
Chao\seq_44.npy,Chao,8,45
Chao\seq_45.npy,Chao,8,43
Chao\seq_46.npy,Chao,8,43
Chao\seq_47.npy,Chao,8,43
Chao\seq_48.npy,Chao,8,45
Chao\seq_49.npy,Chao,8,45
Chao\seq_5.npy,Chao,8,20
Chao\seq_50.npy,Chao,8,45
Chao\seq_51.npy,Chao,8,45
Chao\seq_52.npy,Chao,8,45
Chao\seq_53.npy,Chao,8,45
Chao\seq_54.npy,Chao,8,27
Chao\seq_55.npy,Chao,8,27
Chao\seq_56.npy,Chao,8,27
Chao\seq_57.npy,Chao,8,43
Chao\seq_58.npy,Chao,8,43
Chao\seq_59.npy,Chao,8,43
Chao\seq_6.npy,Chao,8,30
Chao\seq_60.npy,Chao,8,41
Chao\seq_61.npy,Chao,8,41
Chao\seq_62.npy,Chao,8,41
Chao\seq_63.npy,Chao,8,36
Chao\seq_64.npy,Chao,8,36
Chao\seq_65.npy,Chao,8,36
Chao\seq_66.npy,Chao,8,44
Chao\seq_67.npy,Chao,8,44
Chao\seq_68.npy,Chao,8,44
Chao\seq_69.npy,Chao,8,43
Chao\seq_7.npy,Chao,8,30
Chao\seq_70.npy,Chao,8,43
Chao\seq_71.npy,Chao,8,43
Chao\seq_72.npy,Chao,8,27
Chao\seq_73.npy,Chao,8,27
Chao\seq_74.npy,Chao,8,27
Chao\seq_75.npy,Chao,8,36
Chao\seq_76.npy,Chao,8,36
Chao\seq_77.npy,Chao,8,36
Chao\seq_78.npy,Chao,8,36
Chao\seq_79.npy,Chao,8,36
Chao\seq_8.npy,Chao,8,30
Chao\seq_80.npy,Chao,8,36
Chao\seq_81.npy,Chao,8,40
Chao\seq_82.npy,Chao,8,40
Chao\seq_83.npy,Chao,8,40
Chao\seq_9.npy,Chao,8,35
Como esta\seq_0.npy,Como esta,9,31
Como esta\seq_1.npy,Como esta,9,31
Como esta\seq_10.npy,Como esta,9,42
Como esta\seq_11.npy,Como esta,9,42
Como esta\seq_12.npy,Como esta,9,42
Como esta\seq_13.npy,Como esta,9,42
Como esta\seq_14.npy,Como esta,9,42
Como esta\seq_15.npy,Como esta,9,53
Como esta\seq_16.npy,Como esta,9,53
Como esta\seq_17.npy,Como esta,9,53
Como esta\seq_18.npy,Como esta,9,51
Como esta\seq_19.npy,Como esta,9,51
Como esta\seq_2.npy,Como esta,9,31
Como esta\seq_20.npy,Como esta,9,51
Como esta\seq_21.npy,Como esta,9,45
Como esta\seq_22.npy,Como esta,9,45
Como esta\seq_23.npy,Como esta,9,45
Como esta\seq_24.npy,Como esta,9,53
Como esta\seq_25.npy,Como esta,9,53
Como esta\seq_26.npy,Como esta,9,53
Como esta\seq_27.npy,Como esta,9,39
Como esta\seq_28.npy,Como esta,9,39
Como esta\seq_29.npy,Como esta,9,39
Como esta\seq_3.npy,Como esta,9,31
Como esta\seq_30.npy,Como esta,9,48
Como esta\seq_31.npy,Como esta,9,48
Como esta\seq_32.npy,Como esta,9,48
Como esta\seq_33.npy,Como esta,9,55
Como esta\seq_34.npy,Como esta,9,55
Como esta\seq_35.npy,Como esta,9,55
Como esta\seq_36.npy,Como esta,9,119
Como esta\seq_37.npy,Como esta,9,119
Como esta\seq_38.npy,Como esta,9,119
Como esta\seq_39.npy,Como esta,9,55
Como esta\seq_4.npy,Como esta,9,31
Como esta\seq_40.npy,Como esta,9,55
Como esta\seq_41.npy,Como esta,9,55
Como esta\seq_42.npy,Como esta,9,50
Como esta\seq_43.npy,Como esta,9,50
Como esta\seq_44.npy,Como esta,9,50
Como esta\seq_45.npy,Como esta,9,42
Como esta\seq_46.npy,Como esta,9,42
Como esta\seq_47.npy,Como esta,9,42
Como esta\seq_48.npy,Como esta,9,46
Como esta\seq_49.npy,Como esta,9,46
Como esta\seq_5.npy,Como esta,9,31
Como esta\seq_50.npy,Como esta,9,46
Como esta\seq_51.npy,Como esta,9,72
Como esta\seq_52.npy,Como esta,9,72
Como esta\seq_53.npy,Como esta,9,72
Como esta\seq_54.npy,Como esta,9,35
Como esta\seq_55.npy,Como esta,9,35
Como esta\seq_56.npy,Como esta,9,35
Como esta\seq_57.npy,Como esta,9,54
Como esta\seq_58.npy,Como esta,9,54
Como esta\seq_59.npy,Como esta,9,54
Como esta\seq_6.npy,Como esta,9,36
Como esta\seq_60.npy,Como esta,9,43
Como esta\seq_61.npy,Como esta,9,43
Como esta\seq_62.npy,Como esta,9,43
Como esta\seq_63.npy,Como esta,9,42
Como esta\seq_64.npy,Como esta,9,42
Como esta\seq_65.npy,Como esta,9,42
Como esta\seq_66.npy,Como esta,9,43
Como esta\seq_67.npy,Como esta,9,43
Como esta\seq_68.npy,Como esta,9,43
Como esta\seq_69.npy,Como esta,9,51
Como esta\seq_7.npy,Como esta,9,36
Como esta\seq_70.npy,Como esta,9,51
Como esta\seq_71.npy,Como esta,9,51
Como esta\seq_72.npy,Como esta,9,65
Como esta\seq_73.npy,Como esta,9,65
Como esta\seq_74.npy,Como esta,9,65
Como esta\seq_75.npy,Como esta,9,37
Como esta\seq_76.npy,Como esta,9,37
Como esta\seq_77.npy,Como esta,9,37
Como esta\seq_78.npy,Como esta,9,49
Como esta\seq_79.npy,Como esta,9,49
Como esta\seq_8.npy,Como esta,9,36
Como esta\seq_80.npy,Como esta,9,49
Como esta\seq_81.npy,Como esta,9,40
Como esta\seq_82.npy,Como esta,9,40
Como esta\seq_83.npy,Como esta,9,40
Como esta\seq_84.npy,Como esta,9,34
Como esta\seq_85.npy,Como esta,9,34
Como esta\seq_86.npy,Como esta,9,34
Como esta\seq_9.npy,Como esta,9,42
Con gusto\seq_0.npy,Con gusto,10,50
Con gusto\seq_1.npy,Con gusto,10,50
Con gusto\seq_10.npy,Con gusto,10,50
Con gusto\seq_11.npy,Con gusto,10,50
Con gusto\seq_12.npy,Con gusto,10,42
Con gusto\seq_13.npy,Con gusto,10,42
Con gusto\seq_14.npy,Con gusto,10,42
Con gusto\seq_15.npy,Con gusto,10,37
Con gusto\seq_16.npy,Con gusto,10,37
Con gusto\seq_17.npy,Con gusto,10,37
Con gusto\seq_18.npy,Con gusto,10,45
Con gusto\seq_19.npy,Con gusto,10,45
Con gusto\seq_2.npy,Con gusto,10,50
Con gusto\seq_20.npy,Con gusto,10,45
Con gusto\seq_21.npy,Con gusto,10,70
Con gusto\seq_22.npy,Con gusto,10,70
Con gusto\seq_23.npy,Con gusto,10,70
Con gusto\seq_24.npy,Con gusto,10,50
Con gusto\seq_25.npy,Con gusto,10,50
Con gusto\seq_26.npy,Con gusto,10,50
Con gusto\seq_27.npy,Con gusto,10,39
Con gusto\seq_28.npy,Con gusto,10,39
Con gusto\seq_29.npy,Con gusto,10,39
Con gusto\seq_3.npy,Con gusto,10,29
Con gusto\seq_30.npy,Con gusto,10,39
Con gusto\seq_31.npy,Con gusto,10,39
Con gusto\seq_32.npy,Con gusto,10,39
Con gusto\seq_33.npy,Con gusto,10,48
Con gusto\seq_34.npy,Con gusto,10,48
Con gusto\seq_35.npy,Con gusto,10,48
Con gusto\seq_36.npy,Con gusto,10,53
Con gusto\seq_37.npy,Con gusto,10,53
Con gusto\seq_38.npy,Con gusto,10,53
Con gusto\seq_39.npy,Con gusto,10,36
Con gusto\seq_4.npy,Con gusto,10,29
Con gusto\seq_40.npy,Con gusto,10,36
Con gusto\seq_41.npy,Con gusto,10,36
Con gusto\seq_42.npy,Con gusto,10,47
Con gusto\seq_43.npy,Con gusto,10,47
Con gusto\seq_44.npy,Con gusto,10,47
Con gusto\seq_45.npy,Con gusto,10,38
Con gusto\seq_46.npy,Con gusto,10,38
Con gusto\seq_47.npy,Con gusto,10,38
Con gusto\seq_48.npy,Con gusto,10,58
Con gusto\seq_49.npy,Con gusto,10,58
Con gusto\seq_5.npy,Con gusto,10,29
Con gusto\seq_50.npy,Con gusto,10,58
Con gusto\seq_51.npy,Con gusto,10,53
Con gusto\seq_52.npy,Con gusto,10,53
Con gusto\seq_53.npy,Con gusto,10,53
Con gusto\seq_54.npy,Con gusto,10,70
Con gusto\seq_55.npy,Con gusto,10,70
Con gusto\seq_56.npy,Con gusto,10,70
Con gusto\seq_57.npy,Con gusto,10,47
Con gusto\seq_58.npy,Con gusto,10,47
Con gusto\seq_59.npy,Con gusto,10,47
Con gusto\seq_6.npy,Con gusto,10,30
Con gusto\seq_60.npy,Con gusto,10,48
Con gusto\seq_61.npy,Con gusto,10,48
Con gusto\seq_62.npy,Con gusto,10,48
Con gusto\seq_63.npy,Con gusto,10,41
Con gusto\seq_64.npy,Con gusto,10,41
Con gusto\seq_65.npy,Con gusto,10,41
Con gusto\seq_66.npy,Con gusto,10,47
Con gusto\seq_67.npy,Con gusto,10,47
Con gusto\seq_68.npy,Con gusto,10,47
Con gusto\seq_69.npy,Con gusto,10,53
Con gusto\seq_7.npy,Con gusto,10,30
Con gusto\seq_70.npy,Con gusto,10,53
Con gusto\seq_71.npy,Con gusto,10,53
Con gusto\seq_72.npy,Con gusto,10,40
Con gusto\seq_73.npy,Con gusto,10,40
Con gusto\seq_74.npy,Con gusto,10,40
Con gusto\seq_75.npy,Con gusto,10,31
Con gusto\seq_76.npy,Con gusto,10,31
Con gusto\seq_77.npy,Con gusto,10,31
Con gusto\seq_78.npy,Con gusto,10,33
Con gusto\seq_79.npy,Con gusto,10,33
Con gusto\seq_8.npy,Con gusto,10,30
Con gusto\seq_80.npy,Con gusto,10,33
Con gusto\seq_81.npy,Con gusto,10,34
Con gusto\seq_82.npy,Con gusto,10,34
Con gusto\seq_83.npy,Con gusto,10,34
Con gusto\seq_9.npy,Con gusto,10,50
Denada\seq_0.npy,Denada,11,42
Denada\seq_1.npy,Denada,11,42
Denada\seq_10.npy,Denada,11,73
Denada\seq_11.npy,Denada,11,73
Denada\seq_12.npy,Denada,11,46
Denada\seq_13.npy,Denada,11,46
Denada\seq_14.npy,Denada,11,46
Denada\seq_15.npy,Denada,11,52
Denada\seq_16.npy,Denada,11,52
Denada\seq_17.npy,Denada,11,52
Denada\seq_18.npy,Denada,11,54
Denada\seq_19.npy,Denada,11,54
Denada\seq_2.npy,Denada,11,42
Denada\seq_20.npy,Denada,11,54
Denada\seq_21.npy,Denada,11,62
Denada\seq_22.npy,Denada,11,62
Denada\seq_23.npy,Denada,11,62
Denada\seq_24.npy,Denada,11,52
Denada\seq_25.npy,Denada,11,52
Denada\seq_26.npy,Denada,11,52
Denada\seq_27.npy,Denada,11,50
Denada\seq_28.npy,Denada,11,50
Denada\seq_29.npy,Denada,11,50
Denada\seq_3.npy,Denada,11,40
Denada\seq_30.npy,Denada,11,55
Denada\seq_31.npy,Denada,11,55
Denada\seq_32.npy,Denada,11,55
Denada\seq_33.npy,Denada,11,58
Denada\seq_34.npy,Denada,11,58
Denada\seq_35.npy,Denada,11,58
Denada\seq_36.npy,Denada,11,55
Denada\seq_37.npy,Denada,11,55
Denada\seq_38.npy,Denada,11,55
Denada\seq_39.npy,Denada,11,58
Denada\seq_4.npy,Denada,11,40
Denada\seq_40.npy,Denada,11,58
Denada\seq_41.npy,Denada,11,58
Denada\seq_42.npy,Denada,11,46
Denada\seq_43.npy,Denada,11,46
Denada\seq_44.npy,Denada,11,46
Denada\seq_45.npy,Denada,11,54
Denada\seq_46.npy,Denada,11,54
Denada\seq_47.npy,Denada,11,54
Denada\seq_48.npy,Denada,11,41
Denada\seq_49.npy,Denada,11,41
Denada\seq_5.npy,Denada,11,40
Denada\seq_50.npy,Denada,11,41
Denada\seq_51.npy,Denada,11,57
Denada\seq_52.npy,Denada,11,57
Denada\seq_53.npy,Denada,11,57
Denada\seq_54.npy,Denada,11,46
Denada\seq_55.npy,Denada,11,46
Denada\seq_56.npy,Denada,11,46
Denada\seq_57.npy,Denada,11,40
Denada\seq_58.npy,Denada,11,40
Denada\seq_59.npy,Denada,11,40
Denada\seq_6.npy,Denada,11,37
Denada\seq_60.npy,Denada,11,59
Denada\seq_61.npy,Denada,11,59
Denada\seq_62.npy,Denada,11,59
Denada\seq_63.npy,Denada,11,54
Denada\seq_64.npy,Denada,11,54
Denada\seq_65.npy,Denada,11,54
Denada\seq_66.npy,Denada,11,46
Denada\seq_67.npy,Denada,11,46
Denada\seq_68.npy,Denada,11,46
Denada\seq_69.npy,Denada,11,52
Denada\seq_7.npy,Denada,11,37
Denada\seq_70.npy,Denada,11,52
Denada\seq_71.npy,Denada,11,52
Denada\seq_72.npy,Denada,11,48
Denada\seq_73.npy,Denada,11,48
Denada\seq_74.npy,Denada,11,48
Denada\seq_75.npy,Denada,11,40
Denada\seq_76.npy,Denada,11,40
Denada\seq_77.npy,Denada,11,40
Denada\seq_78.npy,Denada,11,50
Denada\seq_79.npy,Denada,11,50
Denada\seq_8.npy,Denada,11,37
Denada\seq_80.npy,Denada,11,50
Denada\seq_81.npy,Denada,11,41
Denada\seq_82.npy,Denada,11,41
Denada\seq_83.npy,Denada,11,41
Denada\seq_84.npy,Denada,11,49
Denada\seq_85.npy,Denada,11,49
Denada\seq_86.npy,Denada,11,49
Denada\seq_9.npy,Denada,11,73
Esperar\seq_0.npy,Esperar,12,39
Esperar\seq_1.npy,Esperar,12,39
Esperar\seq_10.npy,Esperar,12,49
Esperar\seq_11.npy,Esperar,12,49
Esperar\seq_12.npy,Esperar,12,39
Esperar\seq_13.npy,Esperar,12,39
Esperar\seq_14.npy,Esperar,12,39
Esperar\seq_15.npy,Esperar,12,34
Esperar\seq_16.npy,Esperar,12,34
Esperar\seq_17.npy,Esperar,12,34
Esperar\seq_18.npy,Esperar,12,63
Esperar\seq_19.npy,Esperar,12,63
Esperar\seq_2.npy,Esperar,12,39
Esperar\seq_20.npy,Esperar,12,63
Esperar\seq_21.npy,Esperar,12,38
Esperar\seq_22.npy,Esperar,12,38
Esperar\seq_23.npy,Esperar,12,38
Esperar\seq_24.npy,Esperar,12,42
Esperar\seq_25.npy,Esperar,12,42
Esperar\seq_26.npy,Esperar,12,42
Esperar\seq_27.npy,Esperar,12,66
Esperar\seq_28.npy,Esperar,12,66
Esperar\seq_29.npy,Esperar,12,66
Esperar\seq_3.npy,Esperar,12,34
Esperar\seq_30.npy,Esperar,12,57
Esperar\seq_31.npy,Esperar,12,57
Esperar\seq_32.npy,Esperar,12,57
Esperar\seq_33.npy,Esperar,12,51
Esperar\seq_34.npy,Esperar,12,51
Esperar\seq_35.npy,Esperar,12,51
Esperar\seq_36.npy,Esperar,12,55
Esperar\seq_37.npy,Esperar,12,55
Esperar\seq_38.npy,Esperar,12,55
Esperar\seq_39.npy,Esperar,12,48
Esperar\seq_4.npy,Esperar,12,34
Esperar\seq_40.npy,Esperar,12,48
Esperar\seq_41.npy,Esperar,12,48
Esperar\seq_42.npy,Esperar,12,86
Esperar\seq_43.npy,Esperar,12,86
Esperar\seq_44.npy,Esperar,12,86
Esperar\seq_45.npy,Esperar,12,58
Esperar\seq_46.npy,Esperar,12,58
Esperar\seq_47.npy,Esperar,12,58
Esperar\seq_48.npy,Esperar,12,47
Esperar\seq_49.npy,Esperar,12,47
Esperar\seq_5.npy,Esperar,12,34
Esperar\seq_50.npy,Esperar,12,47
Esperar\seq_51.npy,Esperar,12,40
Esperar\seq_52.npy,Esperar,12,40
Esperar\seq_53.npy,Esperar,12,40
Esperar\seq_54.npy,Esperar,12,48
Esperar\seq_55.npy,Esperar,12,48
Esperar\seq_56.npy,Esperar,12,48
Esperar\seq_57.npy,Esperar,12,47
Esperar\seq_58.npy,Esperar,12,47
Esperar\seq_59.npy,Esperar,12,47
Esperar\seq_6.npy,Esperar,12,33
Esperar\seq_60.npy,Esperar,12,51
Esperar\seq_61.npy,Esperar,12,51
Esperar\seq_62.npy,Esperar,12,51
Esperar\seq_63.npy,Esperar,12,52
Esperar\seq_64.npy,Esperar,12,52
Esperar\seq_65.npy,Esperar,12,52
Esperar\seq_66.npy,Esperar,12,43
Esperar\seq_67.npy,Esperar,12,43
Esperar\seq_68.npy,Esperar,12,43
Esperar\seq_69.npy,Esperar,12,50
Esperar\seq_7.npy,Esperar,12,33
Esperar\seq_70.npy,Esperar,12,50
Esperar\seq_71.npy,Esperar,12,50
Esperar\seq_72.npy,Esperar,12,47
Esperar\seq_73.npy,Esperar,12,47
Esperar\seq_74.npy,Esperar,12,47
Esperar\seq_75.npy,Esperar,12,46
Esperar\seq_76.npy,Esperar,12,46
Esperar\seq_77.npy,Esperar,12,46
Esperar\seq_78.npy,Esperar,12,51
Esperar\seq_79.npy,Esperar,12,51
Esperar\seq_8.npy,Esperar,12,33
Esperar\seq_80.npy,Esperar,12,51
Esperar\seq_9.npy,Esperar,12,49
Excelente\seq_0.npy,Excelente,13,34
Excelente\seq_1.npy,Excelente,13,34
Excelente\seq_10.npy,Excelente,13,59
Excelente\seq_11.npy,Excelente,13,59
Excelente\seq_12.npy,Excelente,13,36
Excelente\seq_13.npy,Excelente,13,36
Excelente\seq_14.npy,Excelente,13,36
Excelente\seq_15.npy,Excelente,13,38
Excelente\seq_16.npy,Excelente,13,38
Excelente\seq_17.npy,Excelente,13,38
Excelente\seq_18.npy,Excelente,13,62
Excelente\seq_19.npy,Excelente,13,62
Excelente\seq_2.npy,Excelente,13,34
Excelente\seq_20.npy,Excelente,13,62
Excelente\seq_21.npy,Excelente,13,55
Excelente\seq_22.npy,Excelente,13,55
Excelente\seq_23.npy,Excelente,13,55
Excelente\seq_24.npy,Excelente,13,48
Excelente\seq_25.npy,Excelente,13,48
Excelente\seq_26.npy,Excelente,13,48
Excelente\seq_27.npy,Excelente,13,51
Excelente\seq_28.npy,Excelente,13,51
Excelente\seq_29.npy,Excelente,13,51
Excelente\seq_3.npy,Excelente,13,29
Excelente\seq_30.npy,Excelente,13,65
Excelente\seq_31.npy,Excelente,13,65
Excelente\seq_32.npy,Excelente,13,65
Excelente\seq_33.npy,Excelente,13,44
Excelente\seq_34.npy,Excelente,13,44
Excelente\seq_35.npy,Excelente,13,44
Excelente\seq_36.npy,Excelente,13,35
Excelente\seq_37.npy,Excelente,13,35
Excelente\seq_38.npy,Excelente,13,35
Excelente\seq_39.npy,Excelente,13,33
Excelente\seq_4.npy,Excelente,13,29
Excelente\seq_40.npy,Excelente,13,33
Excelente\seq_41.npy,Excelente,13,33
Excelente\seq_42.npy,Excelente,13,45
Excelente\seq_43.npy,Excelente,13,45
Excelente\seq_44.npy,Excelente,13,45
Excelente\seq_45.npy,Excelente,13,38
Excelente\seq_46.npy,Excelente,13,38
Excelente\seq_47.npy,Excelente,13,38
Excelente\seq_48.npy,Excelente,13,48
Excelente\seq_49.npy,Excelente,13,48
Excelente\seq_5.npy,Excelente,13,29
Excelente\seq_50.npy,Excelente,13,48
Excelente\seq_51.npy,Excelente,13,37
Excelente\seq_52.npy,Excelente,13,37
Excelente\seq_53.npy,Excelente,13,37
Excelente\seq_54.npy,Excelente,13,54
Excelente\seq_55.npy,Excelente,13,54
Excelente\seq_56.npy,Excelente,13,54
Excelente\seq_57.npy,Excelente,13,45
Excelente\seq_58.npy,Excelente,13,45
Excelente\seq_59.npy,Excelente,13,45
Excelente\seq_6.npy,Excelente,13,33
Excelente\seq_60.npy,Excelente,13,42
Excelente\seq_61.npy,Excelente,13,42
Excelente\seq_62.npy,Excelente,13,42
Excelente\seq_63.npy,Excelente,13,47
Excelente\seq_64.npy,Excelente,13,47
Excelente\seq_65.npy,Excelente,13,47
Excelente\seq_66.npy,Excelente,13,41
Excelente\seq_67.npy,Excelente,13,41
Excelente\seq_68.npy,Excelente,13,41
Excelente\seq_69.npy,Excelente,13,41
Excelente\seq_7.npy,Excelente,13,33
Excelente\seq_70.npy,Excelente,13,41
Excelente\seq_71.npy,Excelente,13,41
Excelente\seq_72.npy,Excelente,13,38
Excelente\seq_73.npy,Excelente,13,38
Excelente\seq_74.npy,Excelente,13,38
Excelente\seq_75.npy,Excelente,13,37
Excelente\seq_76.npy,Excelente,13,37
Excelente\seq_77.npy,Excelente,13,37
Excelente\seq_78.npy,Excelente,13,39
Excelente\seq_79.npy,Excelente,13,39
Excelente\seq_8.npy,Excelente,13,33
Excelente\seq_80.npy,Excelente,13,39
Excelente\seq_9.npy,Excelente,13,59
Gracias\seq_0.npy,Gracias,14,124
Gracias\seq_1.npy,Gracias,14,124
Gracias\seq_10.npy,Gracias,14,70
Gracias\seq_11.npy,Gracias,14,70
Gracias\seq_12.npy,Gracias,14,47
Gracias\seq_13.npy,Gracias,14,47
Gracias\seq_14.npy,Gracias,14,47
Gracias\seq_15.npy,Gracias,14,70
Gracias\seq_16.npy,Gracias,14,70
Gracias\seq_17.npy,Gracias,14,70
Gracias\seq_18.npy,Gracias,14,78
Gracias\seq_19.npy,Gracias,14,78
Gracias\seq_2.npy,Gracias,14,124
Gracias\seq_20.npy,Gracias,14,78
Gracias\seq_21.npy,Gracias,14,111
Gracias\seq_22.npy,Gracias,14,111
Gracias\seq_23.npy,Gracias,14,111
Gracias\seq_24.npy,Gracias,14,110
Gracias\seq_25.npy,Gracias,14,110
Gracias\seq_26.npy,Gracias,14,110
Gracias\seq_27.npy,Gracias,14,128
Gracias\seq_28.npy,Gracias,14,128
Gracias\seq_29.npy,Gracias,14,128
Gracias\seq_3.npy,Gracias,14,109
Gracias\seq_30.npy,Gracias,14,65
Gracias\seq_31.npy,Gracias,14,65
Gracias\seq_32.npy,Gracias,14,65
Gracias\seq_33.npy,Gracias,14,72
Gracias\seq_34.npy,Gracias,14,72
Gracias\seq_35.npy,Gracias,14,72
Gracias\seq_36.npy,Gracias,14,51
Gracias\seq_37.npy,Gracias,14,51
Gracias\seq_38.npy,Gracias,14,51
Gracias\seq_39.npy,Gracias,14,65
Gracias\seq_4.npy,Gracias,14,109
Gracias\seq_40.npy,Gracias,14,65
Gracias\seq_41.npy,Gracias,14,65
Gracias\seq_42.npy,Gracias,14,74
Gracias\seq_43.npy,Gracias,14,74
Gracias\seq_44.npy,Gracias,14,74
Gracias\seq_45.npy,Gracias,14,39
Gracias\seq_46.npy,Gracias,14,39
Gracias\seq_47.npy,Gracias,14,39
Gracias\seq_48.npy,Gracias,14,41
Gracias\seq_49.npy,Gracias,14,41
Gracias\seq_5.npy,Gracias,14,109
Gracias\seq_50.npy,Gracias,14,41
Gracias\seq_51.npy,Gracias,14,97
Gracias\seq_52.npy,Gracias,14,97
Gracias\seq_53.npy,Gracias,14,97
Gracias\seq_54.npy,Gracias,14,96
Gracias\seq_55.npy,Gracias,14,96
Gracias\seq_56.npy,Gracias,14,96
Gracias\seq_57.npy,Gracias,14,103
Gracias\seq_58.npy,Gracias,14,103
Gracias\seq_59.npy,Gracias,14,103
Gracias\seq_6.npy,Gracias,14,86
Gracias\seq_60.npy,Gracias,14,107
Gracias\seq_61.npy,Gracias,14,107
Gracias\seq_62.npy,Gracias,14,107
Gracias\seq_63.npy,Gracias,14,115
Gracias\seq_64.npy,Gracias,14,115
Gracias\seq_65.npy,Gracias,14,115
Gracias\seq_66.npy,Gracias,14,44
Gracias\seq_67.npy,Gracias,14,44
Gracias\seq_68.npy,Gracias,14,44
Gracias\seq_69.npy,Gracias,14,61
Gracias\seq_7.npy,Gracias,14,86
Gracias\seq_70.npy,Gracias,14,61
Gracias\seq_71.npy,Gracias,14,61
Gracias\seq_72.npy,Gracias,14,51
Gracias\seq_73.npy,Gracias,14,51
Gracias\seq_74.npy,Gracias,14,51
Gracias\seq_75.npy,Gracias,14,60
Gracias\seq_76.npy,Gracias,14,60
Gracias\seq_77.npy,Gracias,14,60
Gracias\seq_8.npy,Gracias,14,86
Gracias\seq_9.npy,Gracias,14,70
Hola\seq_0.npy,Hola,15,33
Hola\seq_1.npy,Hola,15,33
Hola\seq_10.npy,Hola,15,51
Hola\seq_11.npy,Hola,15,51
Hola\seq_12.npy,Hola,15,41
Hola\seq_13.npy,Hola,15,41
Hola\seq_14.npy,Hola,15,41
Hola\seq_15.npy,Hola,15,49
Hola\seq_16.npy,Hola,15,49
Hola\seq_17.npy,Hola,15,49
Hola\seq_18.npy,Hola,15,40
Hola\seq_19.npy,Hola,15,40
Hola\seq_2.npy,Hola,15,33
Hola\seq_20.npy,Hola,15,40
Hola\seq_21.npy,Hola,15,47
Hola\seq_22.npy,Hola,15,47
Hola\seq_23.npy,Hola,15,47
Hola\seq_24.npy,Hola,15,44
Hola\seq_25.npy,Hola,15,44
Hola\seq_26.npy,Hola,15,44
Hola\seq_27.npy,Hola,15,37
Hola\seq_28.npy,Hola,15,37
Hola\seq_29.npy,Hola,15,37
Hola\seq_3.npy,Hola,15,30
Hola\seq_30.npy,Hola,15,36
Hola\seq_31.npy,Hola,15,36
Hola\seq_32.npy,Hola,15,36
Hola\seq_33.npy,Hola,15,31
Hola\seq_34.npy,Hola,15,31
Hola\seq_35.npy,Hola,15,31
Hola\seq_36.npy,Hola,15,34
Hola\seq_37.npy,Hola,15,34
Hola\seq_38.npy,Hola,15,34
Hola\seq_39.npy,Hola,15,46
Hola\seq_4.npy,Hola,15,30
Hola\seq_40.npy,Hola,15,46
Hola\seq_41.npy,Hola,15,46
Hola\seq_42.npy,Hola,15,41
Hola\seq_43.npy,Hola,15,41
Hola\seq_44.npy,Hola,15,41
Hola\seq_45.npy,Hola,15,34
Hola\seq_46.npy,Hola,15,34
Hola\seq_47.npy,Hola,15,34
Hola\seq_48.npy,Hola,15,38
Hola\seq_49.npy,Hola,15,38
Hola\seq_5.npy,Hola,15,30
Hola\seq_50.npy,Hola,15,38
Hola\seq_51.npy,Hola,15,37
Hola\seq_52.npy,Hola,15,37
Hola\seq_53.npy,Hola,15,37
Hola\seq_54.npy,Hola,15,38
Hola\seq_55.npy,Hola,15,38
Hola\seq_56.npy,Hola,15,38
Hola\seq_57.npy,Hola,15,36
Hola\seq_58.npy,Hola,15,36
Hola\seq_59.npy,Hola,15,36
Hola\seq_6.npy,Hola,15,30
Hola\seq_60.npy,Hola,15,52
Hola\seq_61.npy,Hola,15,52
Hola\seq_62.npy,Hola,15,52
Hola\seq_63.npy,Hola,15,37
Hola\seq_64.npy,Hola,15,37
Hola\seq_65.npy,Hola,15,37
Hola\seq_66.npy,Hola,15,32
Hola\seq_67.npy,Hola,15,32
Hola\seq_68.npy,Hola,15,32
Hola\seq_69.npy,Hola,15,31
Hola\seq_7.npy,Hola,15,30
Hola\seq_70.npy,Hola,15,31
Hola\seq_71.npy,Hola,15,31
Hola\seq_72.npy,Hola,15,35
Hola\seq_73.npy,Hola,15,35
Hola\seq_74.npy,Hola,15,35
Hola\seq_75.npy,Hola,15,32
Hola\seq_76.npy,Hola,15,32
Hola\seq_77.npy,Hola,15,32
Hola\seq_8.npy,Hola,15,30
Hola\seq_9.npy,Hola,15,51
Invitar\seq_0.npy,Invitar,16,32
Invitar\seq_1.npy,Invitar,16,32
Invitar\seq_10.npy,Invitar,16,57
Invitar\seq_11.npy,Invitar,16,57
Invitar\seq_12.npy,Invitar,16,49
Invitar\seq_13.npy,Invitar,16,49
Invitar\seq_14.npy,Invitar,16,49
Invitar\seq_15.npy,Invitar,16,55
Invitar\seq_16.npy,Invitar,16,55
Invitar\seq_17.npy,Invitar,16,55
Invitar\seq_18.npy,Invitar,16,52
Invitar\seq_19.npy,Invitar,16,52
Invitar\seq_2.npy,Invitar,16,32
Invitar\seq_20.npy,Invitar,16,52
Invitar\seq_21.npy,Invitar,16,55
Invitar\seq_22.npy,Invitar,16,55
Invitar\seq_23.npy,Invitar,16,55
Invitar\seq_24.npy,Invitar,16,58
Invitar\seq_25.npy,Invitar,16,58
Invitar\seq_26.npy,Invitar,16,58
Invitar\seq_27.npy,Invitar,16,79
Invitar\seq_28.npy,Invitar,16,79
Invitar\seq_29.npy,Invitar,16,79
Invitar\seq_3.npy,Invitar,16,43
Invitar\seq_30.npy,Invitar,16,55
Invitar\seq_31.npy,Invitar,16,55
Invitar\seq_32.npy,Invitar,16,55
Invitar\seq_33.npy,Invitar,16,55
Invitar\seq_34.npy,Invitar,16,55
Invitar\seq_35.npy,Invitar,16,55
Invitar\seq_36.npy,Invitar,16,56
Invitar\seq_37.npy,Invitar,16,56
Invitar\seq_38.npy,Invitar,16,56
Invitar\seq_39.npy,Invitar,16,43
Invitar\seq_4.npy,Invitar,16,43
Invitar\seq_40.npy,Invitar,16,43
Invitar\seq_41.npy,Invitar,16,43
Invitar\seq_42.npy,Invitar,16,41
Invitar\seq_43.npy,Invitar,16,41
Invitar\seq_44.npy,Invitar,16,41
Invitar\seq_45.npy,Invitar,16,51
Invitar\seq_46.npy,Invitar,16,51
Invitar\seq_47.npy,Invitar,16,51
Invitar\seq_48.npy,Invitar,16,33
Invitar\seq_49.npy,Invitar,16,33
Invitar\seq_5.npy,Invitar,16,43
Invitar\seq_50.npy,Invitar,16,33
Invitar\seq_51.npy,Invitar,16,38
Invitar\seq_52.npy,Invitar,16,38
Invitar\seq_53.npy,Invitar,16,38
Invitar\seq_54.npy,Invitar,16,51
Invitar\seq_55.npy,Invitar,16,51
Invitar\seq_56.npy,Invitar,16,51
Invitar\seq_57.npy,Invitar,16,47
Invitar\seq_58.npy,Invitar,16,47
Invitar\seq_59.npy,Invitar,16,47
Invitar\seq_6.npy,Invitar,16,32
Invitar\seq_60.npy,Invitar,16,54
Invitar\seq_61.npy,Invitar,16,54
Invitar\seq_62.npy,Invitar,16,54
Invitar\seq_63.npy,Invitar,16,51
Invitar\seq_64.npy,Invitar,16,51
Invitar\seq_65.npy,Invitar,16,51
Invitar\seq_66.npy,Invitar,16,42
Invitar\seq_67.npy,Invitar,16,42
Invitar\seq_68.npy,Invitar,16,42
Invitar\seq_69.npy,Invitar,16,40
Invitar\seq_7.npy,Invitar,16,32
Invitar\seq_70.npy,Invitar,16,40
Invitar\seq_71.npy,Invitar,16,40
Invitar\seq_72.npy,Invitar,16,48
Invitar\seq_73.npy,Invitar,16,48
Invitar\seq_74.npy,Invitar,16,48
Invitar\seq_75.npy,Invitar,16,40
Invitar\seq_76.npy,Invitar,16,40
Invitar\seq_77.npy,Invitar,16,40
Invitar\seq_78.npy,Invitar,16,49
Invitar\seq_79.npy,Invitar,16,49
Invitar\seq_8.npy,Invitar,16,32
Invitar\seq_80.npy,Invitar,16,49
Invitar\seq_9.npy,Invitar,16,57
Lo siento\seq_0.npy,Lo siento,17,29
Lo siento\seq_1.npy,Lo siento,17,29
Lo siento\seq_10.npy,Lo siento,17,55
Lo siento\seq_11.npy,Lo siento,17,55
Lo siento\seq_12.npy,Lo siento,17,48
Lo siento\seq_13.npy,Lo siento,17,48
Lo siento\seq_14.npy,Lo siento,17,48
Lo siento\seq_15.npy,Lo siento,17,45
Lo siento\seq_16.npy,Lo siento,17,45
Lo siento\seq_17.npy,Lo siento,17,45
Lo siento\seq_18.npy,Lo siento,17,37
Lo siento\seq_19.npy,Lo siento,17,37
Lo siento\seq_2.npy,Lo siento,17,29
Lo siento\seq_20.npy,Lo siento,17,37
Lo siento\seq_21.npy,Lo siento,17,54
Lo siento\seq_22.npy,Lo siento,17,54
Lo siento\seq_23.npy,Lo siento,17,54
Lo siento\seq_24.npy,Lo siento,17,59
Lo siento\seq_25.npy,Lo siento,17,59
Lo siento\seq_26.npy,Lo siento,17,59
Lo siento\seq_27.npy,Lo siento,17,52
Lo siento\seq_28.npy,Lo siento,17,52
Lo siento\seq_29.npy,Lo siento,17,52
Lo siento\seq_3.npy,Lo siento,17,40
Lo siento\seq_30.npy,Lo siento,17,56
Lo siento\seq_31.npy,Lo siento,17,56
Lo siento\seq_32.npy,Lo siento,17,56
Lo siento\seq_33.npy,Lo siento,17,49
Lo siento\seq_34.npy,Lo siento,17,49
Lo siento\seq_35.npy,Lo siento,17,49
Lo siento\seq_36.npy,Lo siento,17,63
Lo siento\seq_37.npy,Lo siento,17,63
Lo siento\seq_38.npy,Lo siento,17,63
Lo siento\seq_39.npy,Lo siento,17,45
Lo siento\seq_4.npy,Lo siento,17,40
Lo siento\seq_40.npy,Lo siento,17,45
Lo siento\seq_41.npy,Lo siento,17,45
Lo siento\seq_42.npy,Lo siento,17,49
Lo siento\seq_43.npy,Lo siento,17,49
Lo siento\seq_44.npy,Lo siento,17,49
Lo siento\seq_45.npy,Lo siento,17,45
Lo siento\seq_46.npy,Lo siento,17,45
Lo siento\seq_47.npy,Lo siento,17,45
Lo siento\seq_48.npy,Lo siento,17,40
Lo siento\seq_49.npy,Lo siento,17,40
Lo siento\seq_5.npy,Lo siento,17,40
Lo siento\seq_50.npy,Lo siento,17,40
Lo siento\seq_51.npy,Lo siento,17,41
Lo siento\seq_52.npy,Lo siento,17,41
Lo siento\seq_53.npy,Lo siento,17,41
Lo siento\seq_54.npy,Lo siento,17,29
Lo siento\seq_55.npy,Lo siento,17,29
Lo siento\seq_56.npy,Lo siento,17,29
Lo siento\seq_57.npy,Lo siento,17,40
Lo siento\seq_58.npy,Lo siento,17,40
Lo siento\seq_59.npy,Lo siento,17,40
Lo siento\seq_6.npy,Lo siento,17,31
Lo siento\seq_60.npy,Lo siento,17,52
Lo siento\seq_61.npy,Lo siento,17,52
Lo siento\seq_62.npy,Lo siento,17,52
Lo siento\seq_63.npy,Lo siento,17,46
Lo siento\seq_64.npy,Lo siento,17,46
Lo siento\seq_65.npy,Lo siento,17,46
Lo siento\seq_66.npy,Lo siento,17,53
Lo siento\seq_67.npy,Lo siento,17,53
Lo siento\seq_68.npy,Lo siento,17,53
Lo siento\seq_69.npy,Lo siento,17,39
Lo siento\seq_7.npy,Lo siento,17,31
Lo siento\seq_70.npy,Lo siento,17,39
Lo siento\seq_71.npy,Lo siento,17,39
Lo siento\seq_72.npy,Lo siento,17,35
Lo siento\seq_73.npy,Lo siento,17,35
Lo siento\seq_74.npy,Lo siento,17,35
Lo siento\seq_75.npy,Lo siento,17,38
Lo siento\seq_76.npy,Lo siento,17,38
Lo siento\seq_77.npy,Lo siento,17,38
Lo siento\seq_78.npy,Lo siento,17,43
Lo siento\seq_79.npy,Lo siento,17,43
Lo siento\seq_8.npy,Lo siento,17,31
Lo siento\seq_80.npy,Lo siento,17,43
Lo siento\seq_81.npy,Lo siento,17,50
Lo siento\seq_82.npy,Lo siento,17,50
Lo siento\seq_83.npy,Lo siento,17,50
Lo siento\seq_9.npy,Lo siento,17,55
Mal\seq_0.npy,Mal,18,30
Mal\seq_1.npy,Mal,18,30
Mal\seq_10.npy,Mal,18,43
Mal\seq_11.npy,Mal,18,43
Mal\seq_12.npy,Mal,18,44
Mal\seq_13.npy,Mal,18,44
Mal\seq_14.npy,Mal,18,44
Mal\seq_15.npy,Mal,18,47
Mal\seq_16.npy,Mal,18,47
Mal\seq_17.npy,Mal,18,47
Mal\seq_18.npy,Mal,18,50
Mal\seq_19.npy,Mal,18,50
Mal\seq_2.npy,Mal,18,30
Mal\seq_20.npy,Mal,18,50
Mal\seq_21.npy,Mal,18,60
Mal\seq_22.npy,Mal,18,60
Mal\seq_23.npy,Mal,18,60
Mal\seq_24.npy,Mal,18,59
Mal\seq_25.npy,Mal,18,59
Mal\seq_26.npy,Mal,18,59
Mal\seq_27.npy,Mal,18,44
Mal\seq_28.npy,Mal,18,44
Mal\seq_29.npy,Mal,18,44
Mal\seq_3.npy,Mal,18,32
Mal\seq_30.npy,Mal,18,39
Mal\seq_31.npy,Mal,18,39
Mal\seq_32.npy,Mal,18,39
Mal\seq_33.npy,Mal,18,41
Mal\seq_34.npy,Mal,18,41
Mal\seq_35.npy,Mal,18,41
Mal\seq_36.npy,Mal,18,45
Mal\seq_37.npy,Mal,18,45
Mal\seq_38.npy,Mal,18,45
Mal\seq_39.npy,Mal,18,41
Mal\seq_4.npy,Mal,18,32
Mal\seq_40.npy,Mal,18,41
Mal\seq_41.npy,Mal,18,41
Mal\seq_42.npy,Mal,18,58
Mal\seq_43.npy,Mal,18,58
Mal\seq_44.npy,Mal,18,58
Mal\seq_45.npy,Mal,18,41
Mal\seq_46.npy,Mal,18,41
Mal\seq_47.npy,Mal,18,41
Mal\seq_48.npy,Mal,18,35
Mal\seq_49.npy,Mal,18,35
Mal\seq_5.npy,Mal,18,32
Mal\seq_50.npy,Mal,18,35
Mal\seq_51.npy,Mal,18,53
Mal\seq_52.npy,Mal,18,53
Mal\seq_53.npy,Mal,18,53
Mal\seq_54.npy,Mal,18,40
Mal\seq_55.npy,Mal,18,40
Mal\seq_56.npy,Mal,18,40
Mal\seq_57.npy,Mal,18,43
Mal\seq_58.npy,Mal,18,43
Mal\seq_59.npy,Mal,18,43
Mal\seq_6.npy,Mal,18,26
Mal\seq_60.npy,Mal,18,59
Mal\seq_61.npy,Mal,18,59
Mal\seq_62.npy,Mal,18,59
Mal\seq_63.npy,Mal,18,37
Mal\seq_64.npy,Mal,18,37
Mal\seq_65.npy,Mal,18,37
Mal\seq_66.npy,Mal,18,30
Mal\seq_67.npy,Mal,18,30
Mal\seq_68.npy,Mal,18,30
Mal\seq_69.npy,Mal,18,38
Mal\seq_7.npy,Mal,18,26
Mal\seq_70.npy,Mal,18,38
Mal\seq_71.npy,Mal,18,38
Mal\seq_72.npy,Mal,18,38
Mal\seq_73.npy,Mal,18,38
Mal\seq_74.npy,Mal,18,38
Mal\seq_75.npy,Mal,18,41
Mal\seq_76.npy,Mal,18,41
Mal\seq_77.npy,Mal,18,41
Mal\seq_8.npy,Mal,18,26
Mal\seq_9.npy,Mal,18,43
Maso Menos\seq_0.npy,Maso Menos,19,44
Maso Menos\seq_1.npy,Maso Menos,19,44
Maso Menos\seq_10.npy,Maso Menos,19,43
Maso Menos\seq_11.npy,Maso Menos,19,43
Maso Menos\seq_12.npy,Maso Menos,19,47
Maso Menos\seq_13.npy,Maso Menos,19,47
Maso Menos\seq_14.npy,Maso Menos,19,47
Maso Menos\seq_15.npy,Maso Menos,19,46
Maso Menos\seq_16.npy,Maso Menos,19,46
Maso Menos\seq_17.npy,Maso Menos,19,46
Maso Menos\seq_18.npy,Maso Menos,19,35
Maso Menos\seq_19.npy,Maso Menos,19,35
Maso Menos\seq_2.npy,Maso Menos,19,44
Maso Menos\seq_20.npy,Maso Menos,19,35
Maso Menos\seq_21.npy,Maso Menos,19,49
Maso Menos\seq_22.npy,Maso Menos,19,49
Maso Menos\seq_23.npy,Maso Menos,19,49
Maso Menos\seq_24.npy,Maso Menos,19,53
Maso Menos\seq_25.npy,Maso Menos,19,53
Maso Menos\seq_26.npy,Maso Menos,19,53
Maso Menos\seq_27.npy,Maso Menos,19,55
Maso Menos\seq_28.npy,Maso Menos,19,55
Maso Menos\seq_29.npy,Maso Menos,19,55
Maso Menos\seq_3.npy,Maso Menos,19,41
Maso Menos\seq_30.npy,Maso Menos,19,37
Maso Menos\seq_31.npy,Maso Menos,19,37
Maso Menos\seq_32.npy,Maso Menos,19,37
Maso Menos\seq_33.npy,Maso Menos,19,49
Maso Menos\seq_34.npy,Maso Menos,19,49
Maso Menos\seq_35.npy,Maso Menos,19,49
Maso Menos\seq_36.npy,Maso Menos,19,43
Maso Menos\seq_37.npy,Maso Menos,19,43
Maso Menos\seq_38.npy,Maso Menos,19,43
Maso Menos\seq_39.npy,Maso Menos,19,52
Maso Menos\seq_4.npy,Maso Menos,19,41
Maso Menos\seq_40.npy,Maso Menos,19,52
Maso Menos\seq_41.npy,Maso Menos,19,52
Maso Menos\seq_42.npy,Maso Menos,19,37
Maso Menos\seq_43.npy,Maso Menos,19,37
Maso Menos\seq_44.npy,Maso Menos,19,37
Maso Menos\seq_45.npy,Maso Menos,19,42
Maso Menos\seq_46.npy,Maso Menos,19,42
Maso Menos\seq_47.npy,Maso Menos,19,42
Maso Menos\seq_48.npy,Maso Menos,19,49
Maso Menos\seq_49.npy,Maso Menos,19,49
Maso Menos\seq_5.npy,Maso Menos,19,41
Maso Menos\seq_50.npy,Maso Menos,19,49
Maso Menos\seq_51.npy,Maso Menos,19,38
Maso Menos\seq_52.npy,Maso Menos,19,38
Maso Menos\seq_53.npy,Maso Menos,19,38
Maso Menos\seq_54.npy,Maso Menos,19,40
Maso Menos\seq_55.npy,Maso Menos,19,40
Maso Menos\seq_56.npy,Maso Menos,19,40
Maso Menos\seq_57.npy,Maso Menos,19,35
Maso Menos\seq_58.npy,Maso Menos,19,35
Maso Menos\seq_59.npy,Maso Menos,19,35
Maso Menos\seq_6.npy,Maso Menos,19,33
Maso Menos\seq_60.npy,Maso Menos,19,44
Maso Menos\seq_61.npy,Maso Menos,19,44
Maso Menos\seq_62.npy,Maso Menos,19,44
Maso Menos\seq_63.npy,Maso Menos,19,46
Maso Menos\seq_64.npy,Maso Menos,19,46
Maso Menos\seq_65.npy,Maso Menos,19,46
Maso Menos\seq_66.npy,Maso Menos,19,38
Maso Menos\seq_67.npy,Maso Menos,19,38
Maso Menos\seq_68.npy,Maso Menos,19,38
Maso Menos\seq_69.npy,Maso Menos,19,35
Maso Menos\seq_7.npy,Maso Menos,19,33
Maso Menos\seq_70.npy,Maso Menos,19,35
Maso Menos\seq_71.npy,Maso Menos,19,35
Maso Menos\seq_72.npy,Maso Menos,19,38
Maso Menos\seq_73.npy,Maso Menos,19,38
Maso Menos\seq_74.npy,Maso Menos,19,38
Maso Menos\seq_75.npy,Maso Menos,19,57
Maso Menos\seq_76.npy,Maso Menos,19,57
Maso Menos\seq_77.npy,Maso Menos,19,57
Maso Menos\seq_78.npy,Maso Menos,19,42
Maso Menos\seq_79.npy,Maso Menos,19,42
Maso Menos\seq_8.npy,Maso Menos,19,33
Maso Menos\seq_80.npy,Maso Menos,19,42
Maso Menos\seq_81.npy,Maso Menos,19,42
Maso Menos\seq_82.npy,Maso Menos,19,42
Maso Menos\seq_83.npy,Maso Menos,19,42
Maso Menos\seq_9.npy,Maso Menos,19,43
Muchas Gracias\seq_0.npy,Muchas Gracias,20,169
Muchas Gracias\seq_1.npy,Muchas Gracias,20,169
Muchas Gracias\seq_10.npy,Muchas Gracias,20,123
Muchas Gracias\seq_11.npy,Muchas Gracias,20,123
Muchas Gracias\seq_12.npy,Muchas Gracias,20,125
Muchas Gracias\seq_13.npy,Muchas Gracias,20,125
Muchas Gracias\seq_14.npy,Muchas Gracias,20,125
Muchas Gracias\seq_15.npy,Muchas Gracias,20,129
Muchas Gracias\seq_16.npy,Muchas Gracias,20,129
Muchas Gracias\seq_17.npy,Muchas Gracias,20,129
Muchas Gracias\seq_18.npy,Muchas Gracias,20,129
Muchas Gracias\seq_19.npy,Muchas Gracias,20,129
Muchas Gracias\seq_2.npy,Muchas Gracias,20,169
Muchas Gracias\seq_20.npy,Muchas Gracias,20,129
Muchas Gracias\seq_21.npy,Muchas Gracias,20,131
Muchas Gracias\seq_22.npy,Muchas Gracias,20,131
Muchas Gracias\seq_23.npy,Muchas Gracias,20,131
Muchas Gracias\seq_24.npy,Muchas Gracias,20,134
Muchas Gracias\seq_25.npy,Muchas Gracias,20,134
Muchas Gracias\seq_26.npy,Muchas Gracias,20,134
Muchas Gracias\seq_27.npy,Muchas Gracias,20,139
Muchas Gracias\seq_28.npy,Muchas Gracias,20,139
Muchas Gracias\seq_29.npy,Muchas Gracias,20,139
Muchas Gracias\seq_3.npy,Muchas Gracias,20,127
Muchas Gracias\seq_30.npy,Muchas Gracias,20,136
Muchas Gracias\seq_31.npy,Muchas Gracias,20,136
Muchas Gracias\seq_32.npy,Muchas Gracias,20,136
Muchas Gracias\seq_33.npy,Muchas Gracias,20,142
Muchas Gracias\seq_34.npy,Muchas Gracias,20,142
Muchas Gracias\seq_35.npy,Muchas Gracias,20,142
Muchas Gracias\seq_36.npy,Muchas Gracias,20,153
Muchas Gracias\seq_37.npy,Muchas Gracias,20,153
Muchas Gracias\seq_38.npy,Muchas Gracias,20,153
Muchas Gracias\seq_39.npy,Muchas Gracias,20,88
Muchas Gracias\seq_4.npy,Muchas Gracias,20,127
Muchas Gracias\seq_40.npy,Muchas Gracias,20,88
Muchas Gracias\seq_41.npy,Muchas Gracias,20,88
Muchas Gracias\seq_42.npy,Muchas Gracias,20,46
Muchas Gracias\seq_43.npy,Muchas Gracias,20,46
Muchas Gracias\seq_44.npy,Muchas Gracias,20,46
Muchas Gracias\seq_45.npy,Muchas Gracias,20,47
Muchas Gracias\seq_46.npy,Muchas Gracias,20,47
Muchas Gracias\seq_47.npy,Muchas Gracias,20,47
Muchas Gracias\seq_48.npy,Muchas Gracias,20,176
Muchas Gracias\seq_49.npy,Muchas Gracias,20,176
Muchas Gracias\seq_5.npy,Muchas Gracias,20,127
Muchas Gracias\seq_50.npy,Muchas Gracias,20,176
Muchas Gracias\seq_51.npy,Muchas Gracias,20,140
Muchas Gracias\seq_52.npy,Muchas Gracias,20,140
Muchas Gracias\seq_53.npy,Muchas Gracias,20,140
Muchas Gracias\seq_54.npy,Muchas Gracias,20,157
Muchas Gracias\seq_55.npy,Muchas Gracias,20,157
Muchas Gracias\seq_56.npy,Muchas Gracias,20,157
Muchas Gracias\seq_57.npy,Muchas Gracias,20,120
Muchas Gracias\seq_58.npy,Muchas Gracias,20,120
Muchas Gracias\seq_59.npy,Muchas Gracias,20,120
Muchas Gracias\seq_6.npy,Muchas Gracias,20,140
Muchas Gracias\seq_60.npy,Muchas Gracias,20,142
Muchas Gracias\seq_61.npy,Muchas Gracias,20,142
Muchas Gracias\seq_62.npy,Muchas Gracias,20,142
Muchas Gracias\seq_63.npy,Muchas Gracias,20,118
Muchas Gracias\seq_64.npy,Muchas Gracias,20,118
Muchas Gracias\seq_65.npy,Muchas Gracias,20,118
Muchas Gracias\seq_66.npy,Muchas Gracias,20,150
Muchas Gracias\seq_67.npy,Muchas Gracias,20,150
Muchas Gracias\seq_68.npy,Muchas Gracias,20,150
Muchas Gracias\seq_69.npy,Muchas Gracias,20,50
Muchas Gracias\seq_7.npy,Muchas Gracias,20,140
Muchas Gracias\seq_70.npy,Muchas Gracias,20,50
Muchas Gracias\seq_71.npy,Muchas Gracias,20,50
Muchas Gracias\seq_72.npy,Muchas Gracias,20,115
Muchas Gracias\seq_73.npy,Muchas Gracias,20,115
Muchas Gracias\seq_74.npy,Muchas Gracias,20,115
Muchas Gracias\seq_75.npy,Muchas Gracias,20,137
Muchas Gracias\seq_76.npy,Muchas Gracias,20,137
Muchas Gracias\seq_77.npy,Muchas Gracias,20,137
Muchas Gracias\seq_78.npy,Muchas Gracias,20,111
Muchas Gracias\seq_79.npy,Muchas Gracias,20,111
Muchas Gracias\seq_8.npy,Muchas Gracias,20,140
Muchas Gracias\seq_80.npy,Muchas Gracias,20,111
Muchas Gracias\seq_81.npy,Muchas Gracias,20,130
Muchas Gracias\seq_82.npy,Muchas Gracias,20,130
Muchas Gracias\seq_83.npy,Muchas Gracias,20,130
Muchas Gracias\seq_9.npy,Muchas Gracias,20,123
Muy Bien\seq_0.npy,Muy Bien,21,30
Muy Bien\seq_1.npy,Muy Bien,21,30
Muy Bien\seq_10.npy,Muy Bien,21,35
Muy Bien\seq_11.npy,Muy Bien,21,35
Muy Bien\seq_12.npy,Muy Bien,21,36
Muy Bien\seq_13.npy,Muy Bien,21,36
Muy Bien\seq_14.npy,Muy Bien,21,36
Muy Bien\seq_15.npy,Muy Bien,21,53
Muy Bien\seq_16.npy,Muy Bien,21,53
Muy Bien\seq_17.npy,Muy Bien,21,53
Muy Bien\seq_18.npy,Muy Bien,21,43
Muy Bien\seq_19.npy,Muy Bien,21,43
Muy Bien\seq_2.npy,Muy Bien,21,30
Muy Bien\seq_20.npy,Muy Bien,21,43
Muy Bien\seq_21.npy,Muy Bien,21,45
Muy Bien\seq_22.npy,Muy Bien,21,45
Muy Bien\seq_23.npy,Muy Bien,21,45
Muy Bien\seq_24.npy,Muy Bien,21,55
Muy Bien\seq_25.npy,Muy Bien,21,55
Muy Bien\seq_26.npy,Muy Bien,21,55
Muy Bien\seq_27.npy,Muy Bien,21,45
Muy Bien\seq_28.npy,Muy Bien,21,45
Muy Bien\seq_29.npy,Muy Bien,21,45
Muy Bien\seq_3.npy,Muy Bien,21,29
Muy Bien\seq_30.npy,Muy Bien,21,49
Muy Bien\seq_31.npy,Muy Bien,21,49
Muy Bien\seq_32.npy,Muy Bien,21,49
Muy Bien\seq_33.npy,Muy Bien,21,77
Muy Bien\seq_34.npy,Muy Bien,21,77
Muy Bien\seq_35.npy,Muy Bien,21,77
Muy Bien\seq_36.npy,Muy Bien,21,38
Muy Bien\seq_37.npy,Muy Bien,21,38
Muy Bien\seq_38.npy,Muy Bien,21,38
Muy Bien\seq_39.npy,Muy Bien,21,39
Muy Bien\seq_4.npy,Muy Bien,21,29
Muy Bien\seq_40.npy,Muy Bien,21,39
Muy Bien\seq_41.npy,Muy Bien,21,39
Muy Bien\seq_42.npy,Muy Bien,21,33
Muy Bien\seq_43.npy,Muy Bien,21,33
Muy Bien\seq_44.npy,Muy Bien,21,33
Muy Bien\seq_45.npy,Muy Bien,21,64
Muy Bien\seq_46.npy,Muy Bien,21,64
Muy Bien\seq_47.npy,Muy Bien,21,64
Muy Bien\seq_48.npy,Muy Bien,21,32
Muy Bien\seq_49.npy,Muy Bien,21,32
Muy Bien\seq_5.npy,Muy Bien,21,29
Muy Bien\seq_50.npy,Muy Bien,21,32
Muy Bien\seq_51.npy,Muy Bien,21,54
Muy Bien\seq_52.npy,Muy Bien,21,54
Muy Bien\seq_53.npy,Muy Bien,21,54
Muy Bien\seq_54.npy,Muy Bien,21,44
Muy Bien\seq_55.npy,Muy Bien,21,44
Muy Bien\seq_56.npy,Muy Bien,21,44
Muy Bien\seq_57.npy,Muy Bien,21,38
Muy Bien\seq_58.npy,Muy Bien,21,38
Muy Bien\seq_59.npy,Muy Bien,21,38
Muy Bien\seq_6.npy,Muy Bien,21,30
Muy Bien\seq_60.npy,Muy Bien,21,55
Muy Bien\seq_61.npy,Muy Bien,21,55
Muy Bien\seq_62.npy,Muy Bien,21,55
Muy Bien\seq_63.npy,Muy Bien,21,43
Muy Bien\seq_64.npy,Muy Bien,21,43
Muy Bien\seq_65.npy,Muy Bien,21,43
Muy Bien\seq_66.npy,Muy Bien,21,47
Muy Bien\seq_67.npy,Muy Bien,21,47
Muy Bien\seq_68.npy,Muy Bien,21,47
Muy Bien\seq_69.npy,Muy Bien,21,35
Muy Bien\seq_7.npy,Muy Bien,21,30
Muy Bien\seq_70.npy,Muy Bien,21,35
Muy Bien\seq_71.npy,Muy Bien,21,35
Muy Bien\seq_72.npy,Muy Bien,21,41
Muy Bien\seq_73.npy,Muy Bien,21,41
Muy Bien\seq_74.npy,Muy Bien,21,41
Muy Bien\seq_75.npy,Muy Bien,21,35
Muy Bien\seq_76.npy,Muy Bien,21,35
Muy Bien\seq_77.npy,Muy Bien,21,35
Muy Bien\seq_8.npy,Muy Bien,21,30
Muy Bien\seq_9.npy,Muy Bien,21,35
Muy mal\seq_0.npy,Muy mal,22,35
Muy mal\seq_1.npy,Muy mal,22,35
Muy mal\seq_10.npy,Muy mal,22,51
Muy mal\seq_11.npy,Muy mal,22,51
Muy mal\seq_12.npy,Muy mal,22,24
Muy mal\seq_13.npy,Muy mal,22,24
Muy mal\seq_14.npy,Muy mal,22,24
Muy mal\seq_15.npy,Muy mal,22,39
Muy mal\seq_16.npy,Muy mal,22,39
Muy mal\seq_17.npy,Muy mal,22,39
Muy mal\seq_18.npy,Muy mal,22,45
Muy mal\seq_19.npy,Muy mal,22,45
Muy mal\seq_2.npy,Muy mal,22,35
Muy mal\seq_20.npy,Muy mal,22,45
Muy mal\seq_21.npy,Muy mal,22,43
Muy mal\seq_22.npy,Muy mal,22,43
Muy mal\seq_23.npy,Muy mal,22,43
Muy mal\seq_24.npy,Muy mal,22,51
Muy mal\seq_25.npy,Muy mal,22,51
Muy mal\seq_26.npy,Muy mal,22,51
Muy mal\seq_27.npy,Muy mal,22,58
Muy mal\seq_28.npy,Muy mal,22,58
Muy mal\seq_29.npy,Muy mal,22,58
Muy mal\seq_3.npy,Muy mal,22,30
Muy mal\seq_30.npy,Muy mal,22,69
Muy mal\seq_31.npy,Muy mal,22,69
Muy mal\seq_32.npy,Muy mal,22,69
Muy mal\seq_33.npy,Muy mal,22,47
Muy mal\seq_34.npy,Muy mal,22,47
Muy mal\seq_35.npy,Muy mal,22,47
Muy mal\seq_36.npy,Muy mal,22,42
Muy mal\seq_37.npy,Muy mal,22,42
Muy mal\seq_38.npy,Muy mal,22,42
Muy mal\seq_39.npy,Muy mal,22,57
Muy mal\seq_4.npy,Muy mal,22,30
Muy mal\seq_40.npy,Muy mal,22,57
Muy mal\seq_41.npy,Muy mal,22,57
Muy mal\seq_42.npy,Muy mal,22,75
Muy mal\seq_43.npy,Muy mal,22,75
Muy mal\seq_44.npy,Muy mal,22,75
Muy mal\seq_45.npy,Muy mal,22,44
Muy mal\seq_46.npy,Muy mal,22,44
Muy mal\seq_47.npy,Muy mal,22,44
Muy mal\seq_48.npy,Muy mal,22,44
Muy mal\seq_49.npy,Muy mal,22,44
Muy mal\seq_5.npy,Muy mal,22,30
Muy mal\seq_50.npy,Muy mal,22,44
Muy mal\seq_51.npy,Muy mal,22,39
Muy mal\seq_52.npy,Muy mal,22,39
Muy mal\seq_53.npy,Muy mal,22,39
Muy mal\seq_54.npy,Muy mal,22,42
Muy mal\seq_55.npy,Muy mal,22,42
Muy mal\seq_56.npy,Muy mal,22,42
Muy mal\seq_57.npy,Muy mal,22,46
Muy mal\seq_58.npy,Muy mal,22,46
Muy mal\seq_59.npy,Muy mal,22,46
Muy mal\seq_6.npy,Muy mal,22,40
Muy mal\seq_60.npy,Muy mal,22,57
Muy mal\seq_61.npy,Muy mal,22,57
Muy mal\seq_62.npy,Muy mal,22,57
Muy mal\seq_63.npy,Muy mal,22,50
Muy mal\seq_64.npy,Muy mal,22,50
Muy mal\seq_65.npy,Muy mal,22,50
Muy mal\seq_66.npy,Muy mal,22,48
Muy mal\seq_67.npy,Muy mal,22,48
Muy mal\seq_68.npy,Muy mal,22,48
Muy mal\seq_69.npy,Muy mal,22,47
Muy mal\seq_7.npy,Muy mal,22,40
Muy mal\seq_70.npy,Muy mal,22,47
Muy mal\seq_71.npy,Muy mal,22,47
Muy mal\seq_72.npy,Muy mal,22,53
Muy mal\seq_73.npy,Muy mal,22,53
Muy mal\seq_74.npy,Muy mal,22,53
Muy mal\seq_75.npy,Muy mal,22,40
Muy mal\seq_76.npy,Muy mal,22,40
Muy mal\seq_77.npy,Muy mal,22,40
Muy mal\seq_78.npy,Muy mal,22,54
Muy mal\seq_79.npy,Muy mal,22,54
Muy mal\seq_8.npy,Muy mal,22,40
Muy mal\seq_80.npy,Muy mal,22,54
Muy mal\seq_81.npy,Muy mal,22,42
Muy mal\seq_82.npy,Muy mal,22,42
Muy mal\seq_83.npy,Muy mal,22,42
Muy mal\seq_84.npy,Muy mal,22,43
Muy mal\seq_85.npy,Muy mal,22,43
Muy mal\seq_86.npy,Muy mal,22,43
Muy mal\seq_9.npy,Muy mal,22,51
Necesitar\seq_0.npy,Necesitar,23,36
Necesitar\seq_1.npy,Necesitar,23,36
Necesitar\seq_10.npy,Necesitar,23,42
Necesitar\seq_11.npy,Necesitar,23,42
Necesitar\seq_12.npy,Necesitar,23,47
Necesitar\seq_13.npy,Necesitar,23,47
Necesitar\seq_14.npy,Necesitar,23,47
Necesitar\seq_15.npy,Necesitar,23,64
Necesitar\seq_16.npy,Necesitar,23,64
Necesitar\seq_17.npy,Necesitar,23,64
Necesitar\seq_18.npy,Necesitar,23,56
Necesitar\seq_19.npy,Necesitar,23,56
Necesitar\seq_2.npy,Necesitar,23,36
Necesitar\seq_20.npy,Necesitar,23,56
Necesitar\seq_21.npy,Necesitar,23,48
Necesitar\seq_22.npy,Necesitar,23,48
Necesitar\seq_23.npy,Necesitar,23,48
Necesitar\seq_24.npy,Necesitar,23,88
Necesitar\seq_25.npy,Necesitar,23,88
Necesitar\seq_26.npy,Necesitar,23,88
Necesitar\seq_27.npy,Necesitar,23,85
Necesitar\seq_28.npy,Necesitar,23,85
Necesitar\seq_29.npy,Necesitar,23,85
Necesitar\seq_3.npy,Necesitar,23,36
Necesitar\seq_30.npy,Necesitar,23,78
Necesitar\seq_31.npy,Necesitar,23,78
Necesitar\seq_32.npy,Necesitar,23,78
Necesitar\seq_33.npy,Necesitar,23,48
Necesitar\seq_34.npy,Necesitar,23,48
Necesitar\seq_35.npy,Necesitar,23,48
Necesitar\seq_36.npy,Necesitar,23,47
Necesitar\seq_37.npy,Necesitar,23,47
Necesitar\seq_38.npy,Necesitar,23,47
Necesitar\seq_39.npy,Necesitar,23,39
Necesitar\seq_4.npy,Necesitar,23,36
Necesitar\seq_40.npy,Necesitar,23,39
Necesitar\seq_41.npy,Necesitar,23,39
Necesitar\seq_42.npy,Necesitar,23,39
Necesitar\seq_43.npy,Necesitar,23,39
Necesitar\seq_44.npy,Necesitar,23,39
Necesitar\seq_45.npy,Necesitar,23,44
Necesitar\seq_46.npy,Necesitar,23,44
Necesitar\seq_47.npy,Necesitar,23,44
Necesitar\seq_48.npy,Necesitar,23,39
Necesitar\seq_49.npy,Necesitar,23,39
Necesitar\seq_5.npy,Necesitar,23,36
Necesitar\seq_50.npy,Necesitar,23,39
Necesitar\seq_51.npy,Necesitar,23,47
Necesitar\seq_52.npy,Necesitar,23,47
Necesitar\seq_53.npy,Necesitar,23,47
Necesitar\seq_54.npy,Necesitar,23,55
Necesitar\seq_55.npy,Necesitar,23,55
Necesitar\seq_56.npy,Necesitar,23,55
Necesitar\seq_57.npy,Necesitar,23,45
Necesitar\seq_58.npy,Necesitar,23,45
Necesitar\seq_59.npy,Necesitar,23,45
Necesitar\seq_6.npy,Necesitar,23,33
Necesitar\seq_60.npy,Necesitar,23,54
Necesitar\seq_61.npy,Necesitar,23,54
Necesitar\seq_62.npy,Necesitar,23,54
Necesitar\seq_63.npy,Necesitar,23,45
Necesitar\seq_64.npy,Necesitar,23,45
Necesitar\seq_65.npy,Necesitar,23,45
Necesitar\seq_66.npy,Necesitar,23,49
Necesitar\seq_67.npy,Necesitar,23,49
Necesitar\seq_68.npy,Necesitar,23,49
Necesitar\seq_69.npy,Necesitar,23,37
Necesitar\seq_7.npy,Necesitar,23,33
Necesitar\seq_70.npy,Necesitar,23,37
Necesitar\seq_71.npy,Necesitar,23,37
Necesitar\seq_72.npy,Necesitar,23,40
Necesitar\seq_73.npy,Necesitar,23,40
Necesitar\seq_74.npy,Necesitar,23,40
Necesitar\seq_75.npy,Necesitar,23,43
Necesitar\seq_76.npy,Necesitar,23,43
Necesitar\seq_77.npy,Necesitar,23,43
Necesitar\seq_8.npy,Necesitar,23,33
Necesitar\seq_9.npy,Necesitar,23,42
No\seq_0.npy,No,24,155
No\seq_1.npy,No,24,155
No\seq_10.npy,No,24,133
No\seq_11.npy,No,24,133
No\seq_12.npy,No,24,120
No\seq_13.npy,No,24,120
No\seq_14.npy,No,24,120
No\seq_15.npy,No,24,142
No\seq_16.npy,No,24,142
No\seq_17.npy,No,24,142
No\seq_18.npy,No,24,125
No\seq_19.npy,No,24,125
No\seq_2.npy,No,24,155
No\seq_20.npy,No,24,125
No\seq_21.npy,No,24,106
No\seq_22.npy,No,24,106
No\seq_23.npy,No,24,106
No\seq_24.npy,No,24,108
No\seq_25.npy,No,24,108
No\seq_26.npy,No,24,108
No\seq_27.npy,No,24,102
No\seq_28.npy,No,24,102
No\seq_29.npy,No,24,102
No\seq_3.npy,No,24,101
No\seq_30.npy,No,24,200
No\seq_31.npy,No,24,200
No\seq_32.npy,No,24,200
No\seq_33.npy,No,24,141
No\seq_34.npy,No,24,141
No\seq_35.npy,No,24,141
No\seq_36.npy,No,24,137
No\seq_37.npy,No,24,137
No\seq_38.npy,No,24,137
No\seq_39.npy,No,24,89
No\seq_4.npy,No,24,101
No\seq_40.npy,No,24,89
No\seq_41.npy,No,24,89
No\seq_42.npy,No,24,75
No\seq_43.npy,No,24,75
No\seq_44.npy,No,24,75
No\seq_45.npy,No,24,69
No\seq_46.npy,No,24,69
No\seq_47.npy,No,24,69
No\seq_48.npy,No,24,165
No\seq_49.npy,No,24,165
No\seq_5.npy,No,24,101
No\seq_50.npy,No,24,165
No\seq_51.npy,No,24,161
No\seq_52.npy,No,24,161
No\seq_53.npy,No,24,161
No\seq_54.npy,No,24,110
No\seq_55.npy,No,24,110
No\seq_56.npy,No,24,110
No\seq_57.npy,No,24,93
No\seq_58.npy,No,24,93
No\seq_59.npy,No,24,93
No\seq_6.npy,No,24,105
No\seq_60.npy,No,24,88
No\seq_61.npy,No,24,88
No\seq_62.npy,No,24,88
No\seq_63.npy,No,24,110
No\seq_64.npy,No,24,110
No\seq_65.npy,No,24,110
No\seq_66.npy,No,24,152
No\seq_67.npy,No,24,152
No\seq_68.npy,No,24,152
No\seq_69.npy,No,24,99
No\seq_7.npy,No,24,105
No\seq_70.npy,No,24,99
No\seq_71.npy,No,24,99
No\seq_72.npy,No,24,66
No\seq_73.npy,No,24,66
No\seq_74.npy,No,24,66
No\seq_75.npy,No,24,117
No\seq_76.npy,No,24,117
No\seq_77.npy,No,24,117
No\seq_78.npy,No,24,127
No\seq_79.npy,No,24,127
No\seq_8.npy,No,24,105
No\seq_80.npy,No,24,127
No\seq_81.npy,No,24,114
No\seq_82.npy,No,24,114
No\seq_83.npy,No,24,114
No\seq_9.npy,No,24,133
Perdon\seq_0.npy,Perdon,25,39
Perdon\seq_1.npy,Perdon,25,39
Perdon\seq_10.npy,Perdon,25,51
Perdon\seq_11.npy,Perdon,25,51
Perdon\seq_12.npy,Perdon,25,48
Perdon\seq_13.npy,Perdon,25,48
Perdon\seq_14.npy,Perdon,25,48
Perdon\seq_15.npy,Perdon,25,54
Perdon\seq_16.npy,Perdon,25,54
Perdon\seq_17.npy,Perdon,25,54
Perdon\seq_18.npy,Perdon,25,47
Perdon\seq_19.npy,Perdon,25,47
Perdon\seq_2.npy,Perdon,25,39
Perdon\seq_20.npy,Perdon,25,47
Perdon\seq_21.npy,Perdon,25,59
Perdon\seq_22.npy,Perdon,25,59
Perdon\seq_23.npy,Perdon,25,59
Perdon\seq_24.npy,Perdon,25,73
Perdon\seq_25.npy,Perdon,25,73
Perdon\seq_26.npy,Perdon,25,73
Perdon\seq_27.npy,Perdon,25,53
Perdon\seq_28.npy,Perdon,25,53
Perdon\seq_29.npy,Perdon,25,53
Perdon\seq_3.npy,Perdon,25,41
Perdon\seq_30.npy,Perdon,25,60
Perdon\seq_31.npy,Perdon,25,60
Perdon\seq_32.npy,Perdon,25,60
Perdon\seq_33.npy,Perdon,25,51
Perdon\seq_34.npy,Perdon,25,51
Perdon\seq_35.npy,Perdon,25,51
Perdon\seq_36.npy,Perdon,25,35
Perdon\seq_37.npy,Perdon,25,35
Perdon\seq_38.npy,Perdon,25,35
Perdon\seq_39.npy,Perdon,25,35
Perdon\seq_4.npy,Perdon,25,41
Perdon\seq_40.npy,Perdon,25,35
Perdon\seq_41.npy,Perdon,25,35
Perdon\seq_42.npy,Perdon,25,44
Perdon\seq_43.npy,Perdon,25,44
Perdon\seq_44.npy,Perdon,25,44
Perdon\seq_45.npy,Perdon,25,41
Perdon\seq_46.npy,Perdon,25,41
Perdon\seq_47.npy,Perdon,25,41
Perdon\seq_48.npy,Perdon,25,39
Perdon\seq_49.npy,Perdon,25,39
Perdon\seq_5.npy,Perdon,25,41
Perdon\seq_50.npy,Perdon,25,39
Perdon\seq_51.npy,Perdon,25,56
Perdon\seq_52.npy,Perdon,25,56
Perdon\seq_53.npy,Perdon,25,56
Perdon\seq_54.npy,Perdon,25,49
Perdon\seq_55.npy,Perdon,25,49
Perdon\seq_56.npy,Perdon,25,49
Perdon\seq_57.npy,Perdon,25,52
Perdon\seq_58.npy,Perdon,25,52
Perdon\seq_59.npy,Perdon,25,52
Perdon\seq_6.npy,Perdon,25,37
Perdon\seq_60.npy,Perdon,25,69
Perdon\seq_61.npy,Perdon,25,69
Perdon\seq_62.npy,Perdon,25,69
Perdon\seq_63.npy,Perdon,25,54
Perdon\seq_64.npy,Perdon,25,54
Perdon\seq_65.npy,Perdon,25,54
Perdon\seq_66.npy,Perdon,25,42
Perdon\seq_67.npy,Perdon,25,42
Perdon\seq_68.npy,Perdon,25,42
Perdon\seq_69.npy,Perdon,25,50
Perdon\seq_7.npy,Perdon,25,37
Perdon\seq_70.npy,Perdon,25,50
Perdon\seq_71.npy,Perdon,25,50
Perdon\seq_72.npy,Perdon,25,58
Perdon\seq_73.npy,Perdon,25,58
Perdon\seq_74.npy,Perdon,25,58
Perdon\seq_75.npy,Perdon,25,42
Perdon\seq_76.npy,Perdon,25,42
Perdon\seq_77.npy,Perdon,25,42
Perdon\seq_8.npy,Perdon,25,37
Perdon\seq_9.npy,Perdon,25,51
Perfecto\seq_0.npy,Perfecto,26,33
Perfecto\seq_1.npy,Perfecto,26,33
Perfecto\seq_10.npy,Perfecto,26,47
Perfecto\seq_11.npy,Perfecto,26,47
Perfecto\seq_12.npy,Perfecto,26,34
Perfecto\seq_13.npy,Perfecto,26,34
Perfecto\seq_14.npy,Perfecto,26,34
Perfecto\seq_15.npy,Perfecto,26,37
Perfecto\seq_16.npy,Perfecto,26,37
Perfecto\seq_17.npy,Perfecto,26,37
Perfecto\seq_18.npy,Perfecto,26,44
Perfecto\seq_19.npy,Perfecto,26,44
Perfecto\seq_2.npy,Perfecto,26,33
Perfecto\seq_20.npy,Perfecto,26,44
Perfecto\seq_21.npy,Perfecto,26,59
Perfecto\seq_22.npy,Perfecto,26,59
Perfecto\seq_23.npy,Perfecto,26,59
Perfecto\seq_24.npy,Perfecto,26,53
Perfecto\seq_25.npy,Perfecto,26,53
Perfecto\seq_26.npy,Perfecto,26,53
Perfecto\seq_27.npy,Perfecto,26,66
Perfecto\seq_28.npy,Perfecto,26,66
Perfecto\seq_29.npy,Perfecto,26,66
Perfecto\seq_3.npy,Perfecto,26,38
Perfecto\seq_30.npy,Perfecto,26,46
Perfecto\seq_31.npy,Perfecto,26,46
Perfecto\seq_32.npy,Perfecto,26,46
Perfecto\seq_33.npy,Perfecto,26,47
Perfecto\seq_34.npy,Perfecto,26,47
Perfecto\seq_35.npy,Perfecto,26,47
Perfecto\seq_36.npy,Perfecto,26,51
Perfecto\seq_37.npy,Perfecto,26,51
Perfecto\seq_38.npy,Perfecto,26,51
Perfecto\seq_39.npy,Perfecto,26,43
Perfecto\seq_4.npy,Perfecto,26,38
Perfecto\seq_40.npy,Perfecto,26,43
Perfecto\seq_41.npy,Perfecto,26,43
Perfecto\seq_42.npy,Perfecto,26,45
Perfecto\seq_43.npy,Perfecto,26,45
Perfecto\seq_44.npy,Perfecto,26,45
Perfecto\seq_45.npy,Perfecto,26,41
Perfecto\seq_46.npy,Perfecto,26,41
Perfecto\seq_47.npy,Perfecto,26,41
Perfecto\seq_48.npy,Perfecto,26,35
Perfecto\seq_49.npy,Perfecto,26,35
Perfecto\seq_5.npy,Perfecto,26,38
Perfecto\seq_50.npy,Perfecto,26,35
Perfecto\seq_51.npy,Perfecto,26,39
Perfecto\seq_52.npy,Perfecto,26,39
Perfecto\seq_53.npy,Perfecto,26,39
Perfecto\seq_54.npy,Perfecto,26,31
Perfecto\seq_55.npy,Perfecto,26,31
Perfecto\seq_56.npy,Perfecto,26,31
Perfecto\seq_57.npy,Perfecto,26,40
Perfecto\seq_58.npy,Perfecto,26,40
Perfecto\seq_59.npy,Perfecto,26,40
Perfecto\seq_6.npy,Perfecto,26,26
Perfecto\seq_60.npy,Perfecto,26,48
Perfecto\seq_61.npy,Perfecto,26,48
Perfecto\seq_62.npy,Perfecto,26,48
Perfecto\seq_63.npy,Perfecto,26,43
Perfecto\seq_64.npy,Perfecto,26,43
Perfecto\seq_65.npy,Perfecto,26,43
Perfecto\seq_66.npy,Perfecto,26,43
Perfecto\seq_67.npy,Perfecto,26,43
Perfecto\seq_68.npy,Perfecto,26,43
Perfecto\seq_69.npy,Perfecto,26,31
Perfecto\seq_7.npy,Perfecto,26,26
Perfecto\seq_70.npy,Perfecto,26,31
Perfecto\seq_71.npy,Perfecto,26,31
Perfecto\seq_72.npy,Perfecto,26,39
Perfecto\seq_73.npy,Perfecto,26,39
Perfecto\seq_74.npy,Perfecto,26,39
Perfecto\seq_75.npy,Perfecto,26,46
Perfecto\seq_76.npy,Perfecto,26,46
Perfecto\seq_77.npy,Perfecto,26,46
Perfecto\seq_78.npy,Perfecto,26,41
Perfecto\seq_79.npy,Perfecto,26,41
Perfecto\seq_8.npy,Perfecto,26,26
Perfecto\seq_80.npy,Perfecto,26,41
Perfecto\seq_9.npy,Perfecto,26,47
Permiso\seq_0.npy,Permiso,27,37
Permiso\seq_1.npy,Permiso,27,37
Permiso\seq_10.npy,Permiso,27,49
Permiso\seq_11.npy,Permiso,27,49
Permiso\seq_12.npy,Permiso,27,41
Permiso\seq_13.npy,Permiso,27,41
Permiso\seq_14.npy,Permiso,27,41
Permiso\seq_15.npy,Permiso,27,44
Permiso\seq_16.npy,Permiso,27,44
Permiso\seq_17.npy,Permiso,27,44
Permiso\seq_18.npy,Permiso,27,45
Permiso\seq_19.npy,Permiso,27,45
Permiso\seq_2.npy,Permiso,27,37
Permiso\seq_20.npy,Permiso,27,45
Permiso\seq_21.npy,Permiso,27,45
Permiso\seq_22.npy,Permiso,27,45
Permiso\seq_23.npy,Permiso,27,45
Permiso\seq_24.npy,Permiso,27,49
Permiso\seq_25.npy,Permiso,27,49
Permiso\seq_26.npy,Permiso,27,49
Permiso\seq_27.npy,Permiso,27,48
Permiso\seq_28.npy,Permiso,27,48
Permiso\seq_29.npy,Permiso,27,48
Permiso\seq_3.npy,Permiso,27,38
Permiso\seq_30.npy,Permiso,27,54
Permiso\seq_31.npy,Permiso,27,54
Permiso\seq_32.npy,Permiso,27,54
Permiso\seq_33.npy,Permiso,27,52
Permiso\seq_34.npy,Permiso,27,52
Permiso\seq_35.npy,Permiso,27,52
Permiso\seq_36.npy,Permiso,27,43
Permiso\seq_37.npy,Permiso,27,43
Permiso\seq_38.npy,Permiso,27,43
Permiso\seq_39.npy,Permiso,27,54
Permiso\seq_4.npy,Permiso,27,38
Permiso\seq_40.npy,Permiso,27,54
Permiso\seq_41.npy,Permiso,27,54
Permiso\seq_42.npy,Permiso,27,29
Permiso\seq_43.npy,Permiso,27,29
Permiso\seq_44.npy,Permiso,27,29
Permiso\seq_45.npy,Permiso,27,37
Permiso\seq_46.npy,Permiso,27,37
Permiso\seq_47.npy,Permiso,27,37
Permiso\seq_48.npy,Permiso,27,54
Permiso\seq_49.npy,Permiso,27,54
Permiso\seq_5.npy,Permiso,27,38
Permiso\seq_50.npy,Permiso,27,54
Permiso\seq_51.npy,Permiso,27,36
Permiso\seq_52.npy,Permiso,27,36
Permiso\seq_53.npy,Permiso,27,36
Permiso\seq_54.npy,Permiso,27,39
Permiso\seq_55.npy,Permiso,27,39
Permiso\seq_56.npy,Permiso,27,39
Permiso\seq_57.npy,Permiso,27,52
Permiso\seq_58.npy,Permiso,27,52
Permiso\seq_59.npy,Permiso,27,52
Permiso\seq_6.npy,Permiso,27,36
Permiso\seq_60.npy,Permiso,27,50
Permiso\seq_61.npy,Permiso,27,50
Permiso\seq_62.npy,Permiso,27,50
Permiso\seq_63.npy,Permiso,27,47
Permiso\seq_64.npy,Permiso,27,47
Permiso\seq_65.npy,Permiso,27,47
Permiso\seq_66.npy,Permiso,27,60
Permiso\seq_67.npy,Permiso,27,60
Permiso\seq_68.npy,Permiso,27,60
Permiso\seq_69.npy,Permiso,27,45
Permiso\seq_7.npy,Permiso,27,36
Permiso\seq_70.npy,Permiso,27,45
Permiso\seq_71.npy,Permiso,27,45
Permiso\seq_72.npy,Permiso,27,36
Permiso\seq_73.npy,Permiso,27,36
Permiso\seq_74.npy,Permiso,27,36
Permiso\seq_75.npy,Permiso,27,31
Permiso\seq_76.npy,Permiso,27,31
Permiso\seq_77.npy,Permiso,27,31
Permiso\seq_78.npy,Permiso,27,36
Permiso\seq_79.npy,Permiso,27,36
Permiso\seq_8.npy,Permiso,27,36
Permiso\seq_80.npy,Permiso,27,36
Permiso\seq_81.npy,Permiso,27,44
Permiso\seq_82.npy,Permiso,27,44
Permiso\seq_83.npy,Permiso,27,44
Permiso\seq_9.npy,Permiso,27,49
Por favor\seq_0.npy,Por favor,28,40
Por favor\seq_1.npy,Por favor,28,40
Por favor\seq_10.npy,Por favor,28,49
Por favor\seq_11.npy,Por favor,28,49
Por favor\seq_12.npy,Por favor,28,44
Por favor\seq_13.npy,Por favor,28,44
Por favor\seq_14.npy,Por favor,28,44
Por favor\seq_15.npy,Por favor,28,41
Por favor\seq_16.npy,Por favor,28,41
Por favor\seq_17.npy,Por favor,28,41
Por favor\seq_18.npy,Por favor,28,48
Por favor\seq_19.npy,Por favor,28,48
Por favor\seq_2.npy,Por favor,28,40
Por favor\seq_20.npy,Por favor,28,48
Por favor\seq_21.npy,Por favor,28,57
Por favor\seq_22.npy,Por favor,28,57
Por favor\seq_23.npy,Por favor,28,57
Por favor\seq_24.npy,Por favor,28,58
Por favor\seq_25.npy,Por favor,28,58
Por favor\seq_26.npy,Por favor,28,58
Por favor\seq_27.npy,Por favor,28,56
Por favor\seq_28.npy,Por favor,28,56
Por favor\seq_29.npy,Por favor,28,56
Por favor\seq_3.npy,Por favor,28,35
Por favor\seq_30.npy,Por favor,28,67
Por favor\seq_31.npy,Por favor,28,67
Por favor\seq_32.npy,Por favor,28,67
Por favor\seq_33.npy,Por favor,28,48
Por favor\seq_34.npy,Por favor,28,48
Por favor\seq_35.npy,Por favor,28,48
Por favor\seq_36.npy,Por favor,28,50
Por favor\seq_37.npy,Por favor,28,50
Por favor\seq_38.npy,Por favor,28,50
Por favor\seq_39.npy,Por favor,28,61
Por favor\seq_4.npy,Por favor,28,35
Por favor\seq_40.npy,Por favor,28,61
Por favor\seq_41.npy,Por favor,28,61
Por favor\seq_42.npy,Por favor,28,36
Por favor\seq_43.npy,Por favor,28,36
Por favor\seq_44.npy,Por favor,28,36
Por favor\seq_45.npy,Por favor,28,53
Por favor\seq_46.npy,Por favor,28,53
Por favor\seq_47.npy,Por favor,28,53
Por favor\seq_48.npy,Por favor,28,46
Por favor\seq_49.npy,Por favor,28,46
Por favor\seq_5.npy,Por favor,28,35
Por favor\seq_50.npy,Por favor,28,46
Por favor\seq_51.npy,Por favor,28,37
Por favor\seq_52.npy,Por favor,28,37
Por favor\seq_53.npy,Por favor,28,37
Por favor\seq_54.npy,Por favor,28,38
Por favor\seq_55.npy,Por favor,28,38
Por favor\seq_56.npy,Por favor,28,38
Por favor\seq_57.npy,Por favor,28,47
Por favor\seq_58.npy,Por favor,28,47
Por favor\seq_59.npy,Por favor,28,47
Por favor\seq_6.npy,Por favor,28,38
Por favor\seq_60.npy,Por favor,28,47
Por favor\seq_61.npy,Por favor,28,47
Por favor\seq_62.npy,Por favor,28,47
Por favor\seq_63.npy,Por favor,28,46
Por favor\seq_64.npy,Por favor,28,46
Por favor\seq_65.npy,Por favor,28,46
Por favor\seq_66.npy,Por favor,28,43
Por favor\seq_67.npy,Por favor,28,43
Por favor\seq_68.npy,Por favor,28,43
Por favor\seq_69.npy,Por favor,28,51
Por favor\seq_7.npy,Por favor,28,38
Por favor\seq_70.npy,Por favor,28,51
Por favor\seq_71.npy,Por favor,28,51
Por favor\seq_72.npy,Por favor,28,34
Por favor\seq_73.npy,Por favor,28,34
Por favor\seq_74.npy,Por favor,28,34
Por favor\seq_75.npy,Por favor,28,44
Por favor\seq_76.npy,Por favor,28,44
Por favor\seq_77.npy,Por favor,28,44
Por favor\seq_78.npy,Por favor,28,60
Por favor\seq_79.npy,Por favor,28,60
Por favor\seq_8.npy,Por favor,28,38
Por favor\seq_80.npy,Por favor,28,60
Por favor\seq_81.npy,Por favor,28,43
Por favor\seq_82.npy,Por favor,28,43
Por favor\seq_83.npy,Por favor,28,43
Por favor\seq_9.npy,Por favor,28,49
Presentar\seq_0.npy,Presentar,29,34
Presentar\seq_1.npy,Presentar,29,34
Presentar\seq_10.npy,Presentar,29,42
Presentar\seq_11.npy,Presentar,29,42
Presentar\seq_12.npy,Presentar,29,41
Presentar\seq_13.npy,Presentar,29,41
Presentar\seq_14.npy,Presentar,29,41
Presentar\seq_15.npy,Presentar,29,38
Presentar\seq_16.npy,Presentar,29,38
Presentar\seq_17.npy,Presentar,29,38
Presentar\seq_18.npy,Presentar,29,42
Presentar\seq_19.npy,Presentar,29,42
Presentar\seq_2.npy,Presentar,29,34
Presentar\seq_20.npy,Presentar,29,42
Presentar\seq_21.npy,Presentar,29,37
Presentar\seq_22.npy,Presentar,29,37
Presentar\seq_23.npy,Presentar,29,37
Presentar\seq_24.npy,Presentar,29,54
Presentar\seq_25.npy,Presentar,29,54
Presentar\seq_26.npy,Presentar,29,54
Presentar\seq_27.npy,Presentar,29,64
Presentar\seq_28.npy,Presentar,29,64
Presentar\seq_29.npy,Presentar,29,64
Presentar\seq_3.npy,Presentar,29,27
Presentar\seq_30.npy,Presentar,29,40
Presentar\seq_31.npy,Presentar,29,40
Presentar\seq_32.npy,Presentar,29,40
Presentar\seq_33.npy,Presentar,29,38
Presentar\seq_34.npy,Presentar,29,38
Presentar\seq_35.npy,Presentar,29,38
Presentar\seq_36.npy,Presentar,29,58
Presentar\seq_37.npy,Presentar,29,58
Presentar\seq_38.npy,Presentar,29,58
Presentar\seq_39.npy,Presentar,29,57
Presentar\seq_4.npy,Presentar,29,27
Presentar\seq_40.npy,Presentar,29,57
Presentar\seq_41.npy,Presentar,29,57
Presentar\seq_42.npy,Presentar,29,45
Presentar\seq_43.npy,Presentar,29,45
Presentar\seq_44.npy,Presentar,29,45
Presentar\seq_45.npy,Presentar,29,43
Presentar\seq_46.npy,Presentar,29,43
Presentar\seq_47.npy,Presentar,29,43
Presentar\seq_48.npy,Presentar,29,37
Presentar\seq_49.npy,Presentar,29,37
Presentar\seq_5.npy,Presentar,29,27
Presentar\seq_50.npy,Presentar,29,37
Presentar\seq_51.npy,Presentar,29,31
Presentar\seq_52.npy,Presentar,29,31
Presentar\seq_53.npy,Presentar,29,31
Presentar\seq_54.npy,Presentar,29,41
Presentar\seq_55.npy,Presentar,29,41
Presentar\seq_56.npy,Presentar,29,41
Presentar\seq_57.npy,Presentar,29,45
Presentar\seq_58.npy,Presentar,29,45
Presentar\seq_59.npy,Presentar,29,45
Presentar\seq_6.npy,Presentar,29,36
Presentar\seq_60.npy,Presentar,29,35
Presentar\seq_61.npy,Presentar,29,35
Presentar\seq_62.npy,Presentar,29,35
Presentar\seq_63.npy,Presentar,29,44
Presentar\seq_64.npy,Presentar,29,44
Presentar\seq_65.npy,Presentar,29,44
Presentar\seq_66.npy,Presentar,29,42
Presentar\seq_67.npy,Presentar,29,42
Presentar\seq_68.npy,Presentar,29,42
Presentar\seq_69.npy,Presentar,29,38
Presentar\seq_7.npy,Presentar,29,36
Presentar\seq_70.npy,Presentar,29,38
Presentar\seq_71.npy,Presentar,29,38
Presentar\seq_72.npy,Presentar,29,45
Presentar\seq_73.npy,Presentar,29,45
Presentar\seq_74.npy,Presentar,29,45
Presentar\seq_75.npy,Presentar,29,46
Presentar\seq_76.npy,Presentar,29,46
Presentar\seq_77.npy,Presentar,29,46
Presentar\seq_78.npy,Presentar,29,51
Presentar\seq_79.npy,Presentar,29,51
Presentar\seq_8.npy,Presentar,29,36
Presentar\seq_80.npy,Presentar,29,51
Presentar\seq_81.npy,Presentar,29,42
Presentar\seq_82.npy,Presentar,29,42
Presentar\seq_83.npy,Presentar,29,42
Presentar\seq_84.npy,Presentar,29,40
Presentar\seq_85.npy,Presentar,29,40
Presentar\seq_86.npy,Presentar,29,40
Presentar\seq_87.npy,Presentar,29,45
Presentar\seq_88.npy,Presentar,29,45
Presentar\seq_89.npy,Presentar,29,45
Presentar\seq_9.npy,Presentar,29,42
Sentarse\seq_0.npy,Sentarse,30,32
Sentarse\seq_1.npy,Sentarse,30,32
Sentarse\seq_10.npy,Sentarse,30,42
Sentarse\seq_11.npy,Sentarse,30,42
Sentarse\seq_12.npy,Sentarse,30,45
Sentarse\seq_13.npy,Sentarse,30,45
Sentarse\seq_14.npy,Sentarse,30,45
Sentarse\seq_15.npy,Sentarse,30,50
Sentarse\seq_16.npy,Sentarse,30,50
Sentarse\seq_17.npy,Sentarse,30,50
Sentarse\seq_18.npy,Sentarse,30,58
Sentarse\seq_19.npy,Sentarse,30,58
Sentarse\seq_2.npy,Sentarse,30,32
Sentarse\seq_20.npy,Sentarse,30,58
Sentarse\seq_21.npy,Sentarse,30,56
Sentarse\seq_22.npy,Sentarse,30,56
Sentarse\seq_23.npy,Sentarse,30,56
Sentarse\seq_24.npy,Sentarse,30,54
Sentarse\seq_25.npy,Sentarse,30,54
Sentarse\seq_26.npy,Sentarse,30,54
Sentarse\seq_27.npy,Sentarse,30,52
Sentarse\seq_28.npy,Sentarse,30,52
Sentarse\seq_29.npy,Sentarse,30,52
Sentarse\seq_3.npy,Sentarse,30,42
Sentarse\seq_30.npy,Sentarse,30,57
Sentarse\seq_31.npy,Sentarse,30,57
Sentarse\seq_32.npy,Sentarse,30,57
Sentarse\seq_33.npy,Sentarse,30,63
Sentarse\seq_34.npy,Sentarse,30,63
Sentarse\seq_35.npy,Sentarse,30,63
Sentarse\seq_36.npy,Sentarse,30,45
Sentarse\seq_37.npy,Sentarse,30,45
Sentarse\seq_38.npy,Sentarse,30,45
Sentarse\seq_39.npy,Sentarse,30,36
Sentarse\seq_4.npy,Sentarse,30,42
Sentarse\seq_40.npy,Sentarse,30,36
Sentarse\seq_41.npy,Sentarse,30,36
Sentarse\seq_42.npy,Sentarse,30,46
Sentarse\seq_43.npy,Sentarse,30,46
Sentarse\seq_44.npy,Sentarse,30,46
Sentarse\seq_45.npy,Sentarse,30,33
Sentarse\seq_46.npy,Sentarse,30,33
Sentarse\seq_47.npy,Sentarse,30,33
Sentarse\seq_48.npy,Sentarse,30,48
Sentarse\seq_49.npy,Sentarse,30,48
Sentarse\seq_5.npy,Sentarse,30,42
Sentarse\seq_50.npy,Sentarse,30,48
Sentarse\seq_51.npy,Sentarse,30,47
Sentarse\seq_52.npy,Sentarse,30,47
Sentarse\seq_53.npy,Sentarse,30,47
Sentarse\seq_54.npy,Sentarse,30,37
Sentarse\seq_55.npy,Sentarse,30,37
Sentarse\seq_56.npy,Sentarse,30,37
Sentarse\seq_57.npy,Sentarse,30,46
Sentarse\seq_58.npy,Sentarse,30,46
Sentarse\seq_59.npy,Sentarse,30,46
Sentarse\seq_6.npy,Sentarse,30,40
Sentarse\seq_60.npy,Sentarse,30,52
Sentarse\seq_61.npy,Sentarse,30,52
Sentarse\seq_62.npy,Sentarse,30,52
Sentarse\seq_63.npy,Sentarse,30,47
Sentarse\seq_64.npy,Sentarse,30,47
Sentarse\seq_65.npy,Sentarse,30,47
Sentarse\seq_66.npy,Sentarse,30,62
Sentarse\seq_67.npy,Sentarse,30,62
Sentarse\seq_68.npy,Sentarse,30,62
Sentarse\seq_69.npy,Sentarse,30,43
Sentarse\seq_7.npy,Sentarse,30,40
Sentarse\seq_70.npy,Sentarse,30,43
Sentarse\seq_71.npy,Sentarse,30,43
Sentarse\seq_72.npy,Sentarse,30,40
Sentarse\seq_73.npy,Sentarse,30,40
Sentarse\seq_74.npy,Sentarse,30,40
Sentarse\seq_75.npy,Sentarse,30,54
Sentarse\seq_76.npy,Sentarse,30,54
Sentarse\seq_77.npy,Sentarse,30,54
Sentarse\seq_78.npy,Sentarse,30,50
Sentarse\seq_79.npy,Sentarse,30,50
Sentarse\seq_8.npy,Sentarse,30,40
Sentarse\seq_80.npy,Sentarse,30,50
Sentarse\seq_81.npy,Sentarse,30,42
Sentarse\seq_82.npy,Sentarse,30,42
Sentarse\seq_83.npy,Sentarse,30,42
Sentarse\seq_9.npy,Sentarse,30,42
Si\seq_0.npy,Si,31,83
Si\seq_1.npy,Si,31,83
Si\seq_10.npy,Si,31,92
Si\seq_11.npy,Si,31,92
Si\seq_12.npy,Si,31,57
Si\seq_13.npy,Si,31,57
Si\seq_14.npy,Si,31,57
Si\seq_15.npy,Si,31,118
Si\seq_16.npy,Si,31,118
Si\seq_17.npy,Si,31,118
Si\seq_18.npy,Si,31,111
Si\seq_19.npy,Si,31,111
Si\seq_2.npy,Si,31,83
Si\seq_20.npy,Si,31,111
Si\seq_21.npy,Si,31,121
Si\seq_22.npy,Si,31,121
Si\seq_23.npy,Si,31,121
Si\seq_24.npy,Si,31,43
Si\seq_25.npy,Si,31,43
Si\seq_26.npy,Si,31,43
Si\seq_27.npy,Si,31,47
Si\seq_28.npy,Si,31,47
Si\seq_29.npy,Si,31,47
Si\seq_3.npy,Si,31,85
Si\seq_30.npy,Si,31,81
Si\seq_31.npy,Si,31,81
Si\seq_32.npy,Si,31,81
Si\seq_33.npy,Si,31,54
Si\seq_34.npy,Si,31,54
Si\seq_35.npy,Si,31,54
Si\seq_36.npy,Si,31,62
Si\seq_37.npy,Si,31,62
Si\seq_38.npy,Si,31,62
Si\seq_39.npy,Si,31,61
Si\seq_4.npy,Si,31,85
Si\seq_40.npy,Si,31,61
Si\seq_41.npy,Si,31,61
Si\seq_42.npy,Si,31,114
Si\seq_43.npy,Si,31,114
Si\seq_44.npy,Si,31,114
Si\seq_45.npy,Si,31,110
Si\seq_46.npy,Si,31,110
Si\seq_47.npy,Si,31,110
Si\seq_48.npy,Si,31,101
Si\seq_49.npy,Si,31,101
Si\seq_5.npy,Si,31,85
Si\seq_50.npy,Si,31,101
Si\seq_51.npy,Si,31,128
Si\seq_52.npy,Si,31,128
Si\seq_53.npy,Si,31,128
Si\seq_54.npy,Si,31,121
Si\seq_55.npy,Si,31,121
Si\seq_56.npy,Si,31,121
Si\seq_57.npy,Si,31,121
Si\seq_58.npy,Si,31,121
Si\seq_59.npy,Si,31,121
Si\seq_6.npy,Si,31,74
Si\seq_60.npy,Si,31,101
Si\seq_61.npy,Si,31,101
Si\seq_62.npy,Si,31,101
Si\seq_63.npy,Si,31,60
Si\seq_64.npy,Si,31,60
Si\seq_65.npy,Si,31,60
Si\seq_66.npy,Si,31,104
Si\seq_67.npy,Si,31,104
Si\seq_68.npy,Si,31,104
Si\seq_69.npy,Si,31,125
Si\seq_7.npy,Si,31,74
Si\seq_70.npy,Si,31,125
Si\seq_71.npy,Si,31,125
Si\seq_72.npy,Si,31,137
Si\seq_73.npy,Si,31,137
Si\seq_74.npy,Si,31,137
Si\seq_75.npy,Si,31,95
Si\seq_76.npy,Si,31,95
Si\seq_77.npy,Si,31,95
Si\seq_8.npy,Si,31,74
Si\seq_9.npy,Si,31,92
Tranquilo\seq_0.npy,Tranquilo,32,38
Tranquilo\seq_1.npy,Tranquilo,32,38
Tranquilo\seq_10.npy,Tranquilo,32,37
Tranquilo\seq_11.npy,Tranquilo,32,37
Tranquilo\seq_12.npy,Tranquilo,32,31
Tranquilo\seq_13.npy,Tranquilo,32,31
Tranquilo\seq_14.npy,Tranquilo,32,31
Tranquilo\seq_15.npy,Tranquilo,32,55
Tranquilo\seq_16.npy,Tranquilo,32,55
Tranquilo\seq_17.npy,Tranquilo,32,55
Tranquilo\seq_18.npy,Tranquilo,32,49
Tranquilo\seq_19.npy,Tranquilo,32,49
Tranquilo\seq_2.npy,Tranquilo,32,38
Tranquilo\seq_20.npy,Tranquilo,32,49
Tranquilo\seq_21.npy,Tranquilo,32,55
Tranquilo\seq_22.npy,Tranquilo,32,55
Tranquilo\seq_23.npy,Tranquilo,32,55
Tranquilo\seq_24.npy,Tranquilo,32,47
Tranquilo\seq_25.npy,Tranquilo,32,47
Tranquilo\seq_26.npy,Tranquilo,32,47
Tranquilo\seq_27.npy,Tranquilo,32,54
Tranquilo\seq_28.npy,Tranquilo,32,54
Tranquilo\seq_29.npy,Tranquilo,32,54
Tranquilo\seq_3.npy,Tranquilo,32,39
Tranquilo\seq_30.npy,Tranquilo,32,56
Tranquilo\seq_31.npy,Tranquilo,32,56
Tranquilo\seq_32.npy,Tranquilo,32,56
Tranquilo\seq_33.npy,Tranquilo,32,51
Tranquilo\seq_34.npy,Tranquilo,32,51
Tranquilo\seq_35.npy,Tranquilo,32,51
Tranquilo\seq_36.npy,Tranquilo,32,49
Tranquilo\seq_37.npy,Tranquilo,32,49
Tranquilo\seq_38.npy,Tranquilo,32,49
Tranquilo\seq_39.npy,Tranquilo,32,35
Tranquilo\seq_4.npy,Tranquilo,32,39
Tranquilo\seq_40.npy,Tranquilo,32,35
Tranquilo\seq_41.npy,Tranquilo,32,35
Tranquilo\seq_42.npy,Tranquilo,32,40
Tranquilo\seq_43.npy,Tranquilo,32,40
Tranquilo\seq_44.npy,Tranquilo,32,40
Tranquilo\seq_45.npy,Tranquilo,32,46
Tranquilo\seq_46.npy,Tranquilo,32,46
Tranquilo\seq_47.npy,Tranquilo,32,46
Tranquilo\seq_48.npy,Tranquilo,32,40
Tranquilo\seq_49.npy,Tranquilo,32,40
Tranquilo\seq_5.npy,Tranquilo,32,39
Tranquilo\seq_50.npy,Tranquilo,32,40
Tranquilo\seq_51.npy,Tranquilo,32,47
Tranquilo\seq_52.npy,Tranquilo,32,47
Tranquilo\seq_53.npy,Tranquilo,32,47
Tranquilo\seq_54.npy,Tranquilo,32,44
Tranquilo\seq_55.npy,Tranquilo,32,44
Tranquilo\seq_56.npy,Tranquilo,32,44
Tranquilo\seq_57.npy,Tranquilo,32,46
Tranquilo\seq_58.npy,Tranquilo,32,46
Tranquilo\seq_59.npy,Tranquilo,32,46
Tranquilo\seq_6.npy,Tranquilo,32,34
Tranquilo\seq_60.npy,Tranquilo,32,62
Tranquilo\seq_61.npy,Tranquilo,32,62
Tranquilo\seq_62.npy,Tranquilo,32,62
Tranquilo\seq_63.npy,Tranquilo,32,46
Tranquilo\seq_64.npy,Tranquilo,32,46
Tranquilo\seq_65.npy,Tranquilo,32,46
Tranquilo\seq_66.npy,Tranquilo,32,37
Tranquilo\seq_67.npy,Tranquilo,32,37
Tranquilo\seq_68.npy,Tranquilo,32,37
Tranquilo\seq_69.npy,Tranquilo,32,37
Tranquilo\seq_7.npy,Tranquilo,32,34
Tranquilo\seq_70.npy,Tranquilo,32,37
Tranquilo\seq_71.npy,Tranquilo,32,37
Tranquilo\seq_72.npy,Tranquilo,32,39
Tranquilo\seq_73.npy,Tranquilo,32,39
Tranquilo\seq_74.npy,Tranquilo,32,39
Tranquilo\seq_75.npy,Tranquilo,32,40
Tranquilo\seq_76.npy,Tranquilo,32,40
Tranquilo\seq_77.npy,Tranquilo,32,40
Tranquilo\seq_8.npy,Tranquilo,32,34
Tranquilo\seq_9.npy,Tranquilo,32,37
